Customer ID,actual_future_spend,purchase_probability,predicted_spend_if_buying,expected_clv,clv_tier,recency,frequency,monetary_total,monetary_avg,tenure,avg_basket_size,product_diversity,spend_per_tenure_day,purchase_rate_per_month
16330,202.94999999999996,0.45236068307339516,194.9305784970418,88.1789296408139,Medium,21,6,431.38,4.493541666666666,572,2.1145833333333335,86,0.7541608391608392,0.3146853146853147
12586,196.94000000000008,0.3552648088800838,536.0055560836261,190.42391144071246,High,284,3,1865.73,22.47867469879518,632,7.325301204819277,76,2.952104430379747,0.14240506329113925
14114,0.0,0.50342901766897,373.73779882370167,188.15045292757924,High,183,7,1364.09,18.43364864864865,516,8.783783783783784,72,2.6435852713178294,0.4069767441860465
16298,483.89999999999986,0.40524934175897676,273.71135136157307,110.92134497123749,Medium,96,5,601.8,22.288888888888888,351,5.925925925925926,20,1.7145299145299144,0.4273504273504274
12837,0.0,0.37784697429273495,289.94440939065714,109.55461780135384,Medium,82,2,688.41,7.482717391304347,478,2.2717391304347827,83,1.4401882845188283,0.12552301255230125
13717,489.01999999999987,0.6685809780131189,370.81653907792224,247.92088436015717,High,38,6,1274.28,13.701935483870967,395,18.838709677419356,82,3.2260253164556962,0.4556962025316456
17076,506.8799999999998,0.3521084465684275,244.56681293305982,86.1140405840509,Medium,183,5,735.87,18.86846153846154,645,8.487179487179487,27,1.1408837209302325,0.23255813953488372
14820,367.5199999999999,0.46560688770626707,268.3732638052114,124.95644010391746,Medium,82,6,907.24,21.09860465116279,587,12.976744186046512,38,1.5455536626916524,0.30664395229982966
18138,0.0,0.22790998402723578,200.34116953905237,45.65975274964316,Low,204,1,152.65,19.08125,204,4.75,8,0.7482843137254902,0.14705882352941177
13762,0.0,0.4347439000399181,573.78167849444,249.44808468012326,High,128,5,2472.48,70.64228571428572,608,74.51428571428572,23,4.066578947368421,0.2467105263157895
13691,0.0,0.30675546127242637,254.5241230098822,78.07666475885621,Medium,305,1,212.78,3.9403703703703705,305,2.685185185185185,54,0.6976393442622951,0.09836065573770493
15798,0.0,0.20532246627727066,499.5039217273765,102.5593771242337,Medium,402,3,1535.37,18.49843373493976,591,11.024096385542169,73,2.597918781725888,0.15228426395939088
16902,0.0,0.6869861464375853,777.6228868460986,534.2161504160717,Top,25,1,1706.88,38.79272727272728,25,14.295454545454545,43,68.2752,1.2
13360,0.0,0.33095166431245365,454.2161033839632,150.32357537244013,High,341,4,1553.65,23.540151515151518,610,14.272727272727273,58,2.5469672131147543,0.19672131147540986
16891,249.55999999999995,0.663007288598764,337.57369551371346,223.81382056481192,High,5,9,1807.26,4.070405405405405,645,1.5337837837837838,286,2.801953488372093,0.4186046511627907
12354,0.0,0.3486212244293824,681.8264044543937,237.69915596917406,High,141,1,1079.4,18.610344827586207,141,9.137931034482758,58,7.6553191489361705,0.2127659574468085
17129,0.0,0.13905028090740626,181.71738490487297,25.267853416781854,Low,429,1,31.85,15.925,429,2.5,2,0.07424242424242425,0.06993006993006992
15423,43.50000000000001,0.13743348930177485,194.90212516604785,26.786079133901218,Low,491,2,223.39,18.61583333333333,530,8.083333333333334,12,0.4214905660377358,0.11320754716981131
14065,0.0,0.33647418867194345,350.9640854632594,118.09035590924083,Medium,298,3,891.02,18.18408163265306,341,11.877551020408163,42,2.6129618768328444,0.26392961876832843
15105,1765.9500000000007,0.34996891009645387,456.60613545697487,159.7979515692313,High,44,3,1328.96,19.260289855072465,536,11.73913043478261,67,2.479402985074627,0.16791044776119401
16963,0.0,0.2943451400294882,144.2891236680943,42.470802310817355,Low,96,1,110.55000000000001,15.792857142857144,96,5.0,7,1.1515625,0.3125
17626,0.0,0.13456861775482515,296.1433678190822,39.85160366467266,Low,512,1,254.0,14.11111111111111,512,11.222222222222221,18,0.49609375,0.05859375
15395,0.0,0.21274808768793052,139.5396865948013,29.68680147961713,Low,235,1,107.45,15.35,235,2.4285714285714284,7,0.4572340425531915,0.12765957446808512
15171,0.0,0.23793260872636607,827.6001015739082,196.91305114968551,High,240,1,1289.5,257.9,240,58.0,5,5.372916666666667,0.125
18213,0.0,0.2984670143536054,259.1866647657468,77.35866999290126,Medium,146,1,232.48000000000002,15.498666666666669,146,15.466666666666667,15,1.5923287671232877,0.20547945205479454
13016,364.6400000000001,0.5910191237559485,521.2828611753654,308.08813984085816,High,32,1,425.25,15.1875,32,11.25,28,13.2890625,0.9375
17271,0.0,0.148104909457282,295.40154891456916,43.75041965553312,Low,645,1,210.39,4.045961538461539,645,2.25,46,0.32618604651162786,0.046511627906976744
15329,295.6999999999999,0.7481229898813864,423.38749587904823,316.7459192954267,High,43,10,2688.63,19.2045,635,7.992857142857143,91,4.234062992125985,0.47244094488188976
17695,0.0,0.4103962514568955,506.72559006308245,207.95828267917253,High,41,5,1746.04,28.623606557377048,590,29.65573770491803,46,2.9593898305084747,0.2542372881355932
17817,117.97999999999999,0.4110542216800702,256.81766701505876,105.56598622856642,Medium,186,5,689.87,5.84635593220339,331,2.7457627118644066,97,2.084199395770393,0.45317220543806647
16481,0.0,0.15498429806950906,436.77949003826905,67.69396267473925,Low,591,1,453.38,28.33625,591,12.5625,16,0.7671404399323181,0.050761421319796954
15276,135.30999999999995,0.4173865153153847,262.07922053795477,109.38833259690914,Medium,303,3,514.22,3.726231884057971,344,1.934782608695652,115,1.4948255813953488,0.2616279069767442
15309,0.0,0.26894141750408884,271.491384917419,73.01527789983886,Medium,520,4,797.96,14.777037037037038,644,8.148148148148149,49,1.2390683229813666,0.1863354037267081
18018,0.0,0.4496720025983612,149.46116516302362,67.20850144954125,Low,17,4,297.99,6.7725,330,4.2272727272727275,43,0.903,0.36363636363636365
17958,0.0,0.34583558928923813,356.06419583693565,123.13967099206533,Medium,26,2,973.88,27.052222222222223,637,7.888888888888889,35,1.5288540031397173,0.09419152276295133
14898,292.2200000000001,0.8097174986708406,470.0143682217934,380.578858575906,Top,43,13,3215.59,12.415405405405407,645,8.073359073359073,163,4.985410852713178,0.6046511627906976
12717,0.0,0.40059561441097485,449.90926293260316,180.231677613675,High,60,3,1308.91,18.435352112676057,499,8.450704225352112,60,2.6230661322645292,0.18036072144288579
16175,0.0,0.6761994970999231,420.8275624073639,284.563386065646,High,3,7,1836.44,18.739183673469388,473,9.510204081632653,59,3.8825369978858353,0.4439746300211416
14422,3231.4899999999984,0.818942923304453,1012.0698451963202,828.8274376133596,Top,79,15,7040.03,18.005191815856776,632,9.468030690537084,227,11.139287974683544,0.7120253164556962
16710,639.1500000000001,0.8222798048946426,876.2002632403196,720.4817815058844,Top,47,19,5709.94,6.408462401795735,644,4.442199775533109,497,8.86636645962733,0.8850931677018634
16094,826.1299999999998,0.6142370380592713,590.801067264091,362.8918976385516,Top,128,8,2869.43,19.257919463087248,511,10.315436241610739,81,5.6153228962818,0.46966731898238745
14409,115.72000000000004,0.7188375484350085,645.4747953541541,463.99151946896893,Top,32,8,3640.3700000000003,37.146632653061225,476,23.785714285714285,72,7.647836134453782,0.5042016806722689
14665,1104.0400000000004,0.5309806212369457,530.4795215022995,281.67434588076867,High,206,5,1645.6100000000001,19.8266265060241,502,8.096385542168674,78,3.278107569721116,0.298804780876494
12900,0.0,0.26580345795193516,346.70380530219495,92.15507033441789,Medium,331,1,340.33,26.179230769230767,331,10.692307692307692,13,1.0281873111782476,0.09063444108761329
17258,0.0,0.266396619966745,243.8908432579477,64.97169628475646,Low,306,2,417.3,7.587272727272728,574,3.418181818181818,46,0.7270034843205575,0.10452961672473868
15635,0.0,0.21274985530918744,169.09525646170266,35.974991345697184,Low,305,1,100.35,50.175,305,2.5,2,0.32901639344262296,0.09836065573770493
15333,0.0,0.37955371430789575,694.773776717124,263.703967556709,High,117,1,1028.56,64.285,117,21.5,16,8.79111111111111,0.25641025641025644
17519,356.01999999999987,0.8270246313968823,797.5369171813298,659.5826749572951,Top,43,14,4753.45,23.075,648,15.631067961165048,133,7.335570987654321,0.6481481481481481
12502,0.0,0.7956625474170259,854.7946529766383,680.1280911058446,Top,5,5,3723.87,25.332448979591835,219,5.578231292517007,102,17.003972602739726,0.684931506849315
16467,0.0,0.2537590290424946,715.2000723531387,181.48847593145436,High,418,7,2869.16,119.54833333333333,647,307.6666666666667,14,4.434559505409583,0.32457496136012365
16969,171.45000000000002,0.5654341675041309,344.5403005365955,194.81485800553295,High,43,2,478.96000000000004,14.967500000000001,101,23.125,32,4.742178217821783,0.594059405940594
17907,0.0,0.14165842060852202,344.90209194417855,48.85828560938758,Low,550,1,291.76,22.443076923076923,550,80.46153846153847,13,0.5304727272727272,0.05454545454545455
15815,225.90000000000006,0.6059595500696843,769.6694601431994,466.3885597707499,Top,50,4,1874.7,46.8675,169,37.85,24,11.092899408284024,0.7100591715976331
17735,2018.78,0.8588617490696168,2901.820582054665,2492.262700589683,Top,3,23,15226.15,19.128329145728642,406,11.657035175879397,348,37.50283251231527,1.6995073891625616
16490,0.0,0.2419310353330567,287.48349776640276,69.55118025579432,Medium,345,1,205.41000000000003,15.800769230769232,345,8.692307692307692,13,0.5953913043478262,0.08695652173913043
14849,2146.0100000000007,0.8588617490696168,2056.535045731983,1766.279286400335,Top,4,35,13617.44,20.663793626707132,608,15.811836115326251,267,22.397105263157897,1.7269736842105263
14704,1325.7499999999998,0.3381157975432594,204.7154019327823,69.21751139389158,Low,52,4,487.82,3.5869117647058824,533,1.7647058823529411,102,0.915234521575985,0.22514071294559101
13980,200.13999999999993,0.39389020782413553,253.04900699141265,99.67352595353866,Medium,348,4,599.78,11.107037037037037,565,5.648148148148148,47,1.0615575221238938,0.21238938053097348
12392,0.0,0.13743348930177485,332.2026669460712,45.65577167375395,Low,500,1,234.75000000000003,33.53571428571429,500,10.428571428571429,7,0.4695000000000001,0.06
14585,157.05,0.4052539250940889,395.0455542206156,160.0937614388742,High,292,4,986.22,12.027073170731708,326,6.573170731707317,64,3.0252147239263802,0.36809815950920244
14516,0.0,0.14468934813880222,316.0850639430404,45.734141858330126,Low,425,1,163.92,4.43027027027027,425,1.837837837837838,35,0.3856941176470588,0.07058823529411765
18006,444.67999999999984,0.31288978244052185,216.3187879501678,67.68393849952538,Low,291,3,553.1800000000001,12.864651162790699,632,4.255813953488372,36,0.8752848101265823,0.14240506329113925
14060,2037.6399999999999,0.8181025860189308,1145.0164686939872,936.7409340728151,Top,17,25,7481.44,36.14222222222222,548,31.415458937198068,86,13.652262773722628,1.3686131386861315
16406,163.07000000000002,0.36906387923569217,257.82104894320145,95.15243647159318,Medium,360,2,389.61,4.01659793814433,563,1.5360824742268042,85,0.6920248667850799,0.10657193605683837
17412,548.2399999999999,0.8041536584692169,649.9204511212215,522.6359084830941,Top,105,13,3869.28,18.874536585365856,646,10.848780487804879,143,5.989597523219815,0.6037151702786377
16589,244.55999999999997,0.31112632251932654,216.47454921388984,67.35093041594652,Low,16,3,367.8,14.146153846153847,359,12.461538461538462,22,1.0245125348189414,0.25069637883008355
15271,910.4499999999999,0.8528485794147035,776.338363657723,662.0990705906245,Top,4,19,3799.09,7.644044265593561,400,4.128772635814889,314,9.497725,1.425
17569,0.0,0.26421098840187546,301.3008028616031,79.60698293034277,Medium,241,1,344.14,11.866896551724137,241,5.482758620689655,29,1.427966804979253,0.12448132780082988
12520,588.4100000000001,0.7258098599845613,775.9821295463121,563.2154807965304,Top,51,4,2045.85,16.90785123966942,183,9.082644628099173,104,11.179508196721311,0.6557377049180328
15375,0.0,0.13262452160339566,178.7434276905916,23.705761587215857,Low,599,1,60.959999999999994,10.159999999999998,599,14.0,6,0.10176961602671117,0.05008347245409015
13531,0.0,0.5867284133327113,422.7035852099677,248.01220386029289,High,114,6,1738.52,19.31688888888889,645,6.666666666666667,44,2.6953798449612405,0.27906976744186046
13296,0.0,0.5536662378940845,275.4712270561886,152.51911793226708,High,46,6,792.51,14.953018867924529,486,12.320754716981131,50,1.630679012345679,0.3703703703703704
16614,0.0,0.4035444339006299,376.4763640175327,151.9249411944227,High,92,3,1179.79,24.07734693877551,487,7.122448979591836,37,2.422566735112936,0.18480492813141683
12358,683.1999999999998,0.4791582034643734,640.6952931018584,306.9944056107666,High,60,4,3203.87,45.769571428571425,641,13.3,56,4.9982371294851795,0.187207488299532
13200,550.77,0.5916529996078295,457.2286585646756,270.5207073464544,High,35,1,319.32,22.80857142857143,35,17.785714285714285,14,9.12342857142857,0.8571428571428571
12419,0.0,0.3157080965628775,316.73017353661373,99.9942802112742,Medium,295,2,503.01,20.1204,323,9.24,23,1.5573065015479877,0.18575851393188852
12767,0.0,0.3007153488308094,476.77013679273966,143.37209799774143,High,285,1,949.82,22.088837209302326,285,13.906976744186046,43,3.332701754385965,0.10526315789473684
13125,0.0,0.13905028090740626,267.73242588124714,37.22826902680874,Low,433,1,158.57,7.55095238095238,433,2.5714285714285716,20,0.3662124711316397,0.06928406466512702
14793,228.9900000000001,0.15945247821308062,353.289583391729,56.332899598678,Low,444,1,396.91,15.8764,444,10.8,25,0.8939414414414415,0.06756756756756756
14267,0.0,0.6238529637082557,603.2281970656735,376.32569853180814,Top,72,3,1516.24,27.568,170,9.636363636363637,25,8.919058823529411,0.5294117647058824
15662,0.0,0.1376854118169614,241.2123781495054,33.211425620863274,Low,570,2,283.73,23.644166666666667,647,12.083333333333334,12,0.438531684698609,0.09273570324574962
17482,0.0,0.23170646732965502,345.32663011257154,80.01441353823841,Medium,396,2,778.19,14.410925925925927,487,4.462962962962963,50,1.5979260780287476,0.12320328542094455
17760,115.05,0.31062065159680086,253.13255575796924,78.62819940990393,Medium,282,5,803.88,13.398,559,10.366666666666667,44,1.4380679785330948,0.26833631484794274
12649,0.0,0.6821309711460519,447.2594323739174,305.0895109594522,High,16,8,2294.65,19.446186440677966,605,16.60169491525424,94,3.792809917355372,0.396694214876033
14966,191.32,0.3588709721913217,286.25684531730997,102.72927237544383,Medium,296,5,924.5200000000001,7.578032786885247,633,7.467213114754099,93,1.4605371248025278,0.23696682464454974
14191,2426.500000000001,0.6716877511146869,440.60576716413925,295.9494968746421,High,17,9,2391.16,20.09378151260504,638,12.184873949579831,73,3.747899686520376,0.42319749216300945
16699,0.0,0.3221813198945014,260.70739118620526,83.9950513986237,Medium,289,7,994.6,16.04193548387097,644,10.32258064516129,51,1.5444099378881988,0.32608695652173914
15001,0.0,0.30769723145808053,222.1347103930425,68.35023539868169,Low,303,2,230.85999999999999,4.275185185185185,303,1.5,44,0.7619141914191419,0.19801980198019803
13064,460.23999999999995,0.3939292276548231,350.8239187573391,138.199795358917,High,62,4,1220.5,20.008196721311474,501,7.180327868852459,41,2.436127744510978,0.23952095808383234
14326,0.0,0.3380866204360033,304.140317335197,102.82577202619034,Medium,151,3,940.98,16.50842105263158,442,10.035087719298245,54,2.1289140271493214,0.20361990950226244
18238,0.0,0.15269128904151757,300.52914192493597,45.88818207505965,Low,424,1,270.92,19.351428571428574,424,8.142857142857142,14,0.6389622641509435,0.07075471698113207
13450,622.2599999999999,0.7633278485774339,587.3483484805381,448.33935121115803,Top,34,11,3497.7799999999997,29.393109243697477,512,30.30252100840336,47,6.8316015624999995,0.64453125
15960,0.0,0.26401255239991733,198.11096777775933,52.30378226142402,Low,283,4,410.95,15.805769230769231,344,9.923076923076923,24,1.1946220930232558,0.3488372093023256
14755,2142.599999999999,0.8302855171601845,1282.140809833055,1064.5429453644158,Top,22,21,7829.95,20.12840616966581,645,8.79948586118252,202,12.139457364341085,0.9767441860465116
12903,0.0,0.2810876076784924,457.8294785155198,128.69019284061918,Medium,338,1,833.53,20.33,338,12.024390243902438,41,2.4660650887573965,0.08875739644970414
16693,324.44999999999993,0.37425507273511005,290.4393650802398,108.69840570324432,Medium,181,4,875.01,6.433897058823529,566,3.9338235294117645,117,1.5459540636042404,0.21201413427561838
16334,0.0,0.15983147601477865,271.06082931065043,43.32405243851124,Low,401,1,277.48,4.784137931034483,401,3.6379310344827585,54,0.6919700748129676,0.07481296758104738
13542,0.0,0.4399994639340976,500.2752020405667,220.1208207173717,High,286,17,4006.17,11.887744807121662,638,2.4183976261127595,98,6.279263322884012,0.7993730407523512
15400,0.0,0.6326330443539688,321.1769587447591,203.18715718704598,High,1,8,1302.3,48.233333333333334,470,24.51851851851852,16,2.770851063829787,0.5106382978723405
13055,869.5500000000002,0.3590757463530353,591.261108382307,212.3075237818998,High,123,2,1451.56,14.5156,339,11.79,99,4.281887905604719,0.17699115044247787
13718,0.0,0.296277912297862,221.11871146058363,65.51259020153505,Low,155,2,306.55,25.545833333333334,205,14.416666666666666,9,1.4953658536585366,0.29268292682926833
17751,0.0,0.21554757284549164,240.24739543961613,51.7847429694603,Low,330,1,157.85999999999999,4.9331249999999995,330,4.59375,31,0.4783636363636363,0.09090909090909091
17688,0.0,0.26897511407206515,279.38441140369974,75.14745392726692,Medium,303,1,304.2,16.010526315789473,303,6.0,19,1.003960396039604,0.09900990099009901
17465,0.0,0.2985763092398418,586.6456025259336,175.15847883397646,High,335,7,2542.79,17.906971830985917,645,10.401408450704226,103,3.94231007751938,0.32558139534883723
15704,0.0,0.6801672925363591,728.247715726569,495.33027710152857,Top,49,6,3817.96,18.44425120772947,492,8.323671497584542,129,7.760081300813008,0.3658536585365854
12780,0.0,0.15218904654789367,371.9480264734098,56.60641551435895,Low,508,1,337.4,16.869999999999997,508,14.25,20,0.6641732283464566,0.05905511811023622
17413,0.0,0.30661550404467885,334.5580917506772,102.5806979343598,Medium,314,2,560.14,56.013999999999996,479,30.2,10,1.1693945720250523,0.12526096033402923
17235,208.16,0.5417634330387421,389.1456556327306,210.82488634770024,High,281,7,1696.72,21.209,462,10.9125,41,3.6725541125541126,0.45454545454545453
15695,0.0,0.3298366899593613,364.91555607015755,120.36253912886048,Medium,176,4,1131.04,19.170169491525424,591,8.203389830508474,55,1.9137732656514381,0.20304568527918782
16195,0.0,0.13295360296328348,343.0959522272022,45.615843010725115,Low,632,1,323.25,20.203125,632,7.6875,16,0.5114715189873418,0.04746835443037975
15390,0.0,0.35426322808249894,458.10726645390616,162.29055902201029,High,305,2,1216.66,15.800779220779221,318,11.61038961038961,77,3.825974842767296,0.18867924528301888
12709,2505.73,0.8561632175014371,3706.427828753907,3173.3071753028103,Top,5,30,28587.61,66.17502314814816,639,29.86574074074074,189,44.73804381846635,1.408450704225352
17922,0.0,0.13743348930177485,284.0184532606925,39.03364705771003,Low,452,1,170.4,21.3,452,6.125,8,0.3769911504424779,0.06637168141592921
15379,0.0,0.7963755669777,1155.6784297084582,920.3540647029714,Top,78,8,4877.84,18.546920152091257,310,11.406844106463879,177,15.734967741935485,0.7741935483870968
15299,1472.0000000000002,0.5740766401704007,1076.3713374576785,617.9196409834246,Top,73,8,6519.54,592.6854545454545,606,462.09090909090907,7,10.758316831683167,0.39603960396039606
17795,0.0,0.4025758028647709,300.00518322435465,120.77482750013728,Medium,89,2,350.39,7.617173913043478,174,7.413043478260869,43,2.013735632183908,0.3448275862068966
14572,743.4,0.7915980696949935,955.0873451869345,756.0452988400932,Top,19,9,4871.78,10.365489361702128,530,5.73404255319149,304,9.192037735849055,0.5094339622641509
16285,0.0,0.13782452747370844,305.86192791252273,42.15527568674092,Low,555,1,176.9,5.706451612903226,555,1.935483870967742,31,0.31873873873873876,0.05405405405405406
18152,0.0,0.1499809395179064,393.1278129382325,58.96167873509587,Low,555,1,426.69,42.669,555,7.5,10,0.7688108108108108,0.05405405405405406
17820,0.0,0.2470219773462263,221.73492608516148,54.77339988827592,Low,283,1,183.56,4.37047619047619,283,2.6666666666666665,39,0.6486219081272084,0.10600706713780919
14196,0.0,0.606362865686131,614.0896881781492,372.36118311200516,Top,16,1,335.52,55.919999999999995,16,23.666666666666668,6,20.97,1.875
17353,0.0,0.3672480792799066,737.8518094204626,270.9746598028686,High,38,4,3242.0,231.57142857142858,533,154.85714285714286,7,6.082551594746716,0.22514071294559101
16508,0.0,0.140971602611656,324.3286828147393,45.721134189321255,Low,539,1,248.8,5.528888888888889,539,2.3555555555555556,42,0.46159554730983304,0.05565862708719852
15797,0.0,0.5214855788208027,747.1329601975605,389.61906420472457,Top,22,6,2821.08,235.09,590,106.75,12,4.7814915254237285,0.30508474576271183
16761,0.0,0.6871853883842908,416.3879957550181,286.13574658146854,High,6,1,316.62,24.355384615384615,6,26.23076923076923,13,52.77,5.0
15201,303.2800000000001,0.5751082379752442,439.12017464234066,252.54162989793807,High,35,6,1539.67,18.550240963855423,520,16.433734939759034,38,2.960903846153846,0.3461538461538462
15655,0.0,0.31185536243449863,376.91641303467685,117.54340459444033,Medium,152,1,560.67,16.490294117647057,152,9.529411764705882,34,3.6886184210526314,0.19736842105263158
15609,0.0,0.3670060100888804,320.73777066137177,117.71268949523241,Medium,93,1,298.48,18.655,93,9.25,16,3.209462365591398,0.3225806451612903
12759,448.92000000000013,0.6971104577926189,933.8496970180046,650.9963897977196,Top,81,7,4571.82,16.746593406593405,645,10.732600732600732,188,7.088093023255814,0.32558139534883723
13448,2116.1100000000006,0.6169373473109037,940.0040593048142,579.9236108089934,Top,128,11,7124.76,16.416497695852534,643,7.981566820276497,271,11.080497667185071,0.5132192846034215
16819,0.0,0.1348121279107258,178.97974569807533,24.12864037047811,Low,374,2,182.59,10.740588235294117,374,14.882352941176471,17,0.48820855614973263,0.16042780748663102
13862,428.0600000000001,0.8009889759024496,596.4060216561521,477.71464850841545,Top,17,7,2128.03,16.244503816793895,298,11.572519083969466,97,7.1410402684563765,0.7046979865771812
13652,456.84000000000003,0.38373093686476767,517.4471335589382,198.56047333855992,High,166,4,2114.01,15.776194029850748,561,9.567164179104477,102,3.768288770053476,0.21390374331550802
17608,193.42000000000004,0.3473584223946219,216.5413230037013,75.21745234180993,Medium,358,2,305.11,2.773727272727273,516,2.790909090909091,90,0.5912984496124031,0.11627906976744186
16111,0.0,0.3151375316214356,380.78396689822614,119.99931940932542,Medium,337,1,562.48,7.499733333333333,337,3.1466666666666665,72,1.669080118694362,0.08902077151335312
15941,0.0,0.15457049880326226,405.21165018620906,62.63376689017535,Low,546,1,405.0,67.5,546,10.0,6,0.7417582417582418,0.054945054945054944
18031,0.0,0.3346346133312424,338.8883919564981,113.40378600480925,Medium,288,1,462.09999999999997,7.109230769230769,288,4.615384615384615,49,1.6045138888888888,0.10416666666666667
14016,0.0,0.7914406726774031,1747.3323370192215,1382.9098802014717,Top,71,11,11403.41,25.45404017857143,609,12.772321428571429,354,18.724811165845647,0.541871921182266
15084,0.0,0.2966847164483676,426.7764495168834,126.61804991175762,Medium,289,2,965.2,31.135483870967743,555,19.35483870967742,31,1.739099099099099,0.10810810810810811
12436,0.0,0.6802736437681711,434.43053883274865,295.5316456159239,High,9,1,509.01,31.813125,9,13.1875,16,56.556666666666665,3.3333333333333335
12904,264.8899999999999,0.3572085742507145,286.5092259105251,102.34355209717455,Medium,81,1,244.69,7.6465625,81,5.15625,32,3.020864197530864,0.37037037037037035
16791,921.5099999999996,0.797097640104926,417.8483613816,333.06594277898364,Top,31,13,3117.18,5.90375,645,2.746212121212121,317,4.832837209302325,0.6046511627906976
12590,0.0,0.6479373693033014,6737.426000020354,4365.430078328853,Top,120,2,9864.26,145.06264705882353,120,62.98529411764706,68,82.20216666666667,0.5
13783,0.0,0.20015570574043798,464.32885400751735,92.93806946952343,Medium,397,4,1542.09,154.209,582,343.7,4,2.649639175257732,0.2061855670103093
17966,504.00000000000017,0.6835439928890239,325.26536737396776,222.33318796331716,High,60,9,1470.42,13.742242990654207,599,23.766355140186917,81,2.4547913188647748,0.4507512520868114
16725,0.0,0.5567258489704463,311.01735471624926,173.1514008489463,High,211,14,1882.11,4.801301020408163,635,2.0,242,2.9639527559055114,0.6614173228346456
17266,197.5800000000001,0.28763589626722624,244.5033677635772,70.32794532703176,Medium,57,3,320.15,5.00234375,550,1.84375,56,0.5820909090909091,0.16363636363636364
14737,82.79999999999997,0.5451065615076927,1164.9351692752714,635.0138045030251,Top,38,3,3471.37,80.72953488372093,310,23.930232558139537,28,11.197967741935484,0.29032258064516125
18197,0.0,0.13456861775482515,360.0760430881251,48.45493540499586,Low,485,1,230.1,25.566666666666666,485,18.444444444444443,9,0.4744329896907216,0.06185567010309278
17075,138.04999999999998,0.5786039320334041,405.85591806597455,234.82983003199996,High,162,9,2103.68,11.371243243243242,635,3.9783783783783786,140,3.312881889763779,0.42519685039370075
16907,269.77,0.7228394957701982,296.79792428506016,214.53726193585436,High,57,8,1438.13,6.4202232142857145,435,2.0669642857142856,94,3.3060459770114945,0.5517241379310345
13456,911.66,0.5857264600303114,480.6958606560738,281.5562848133059,High,64,3,855.0600000000001,37.176521739130436,116,11.347826086956522,18,7.371206896551724,0.7758620689655172
15518,317.6900000000001,0.813108546969241,565.1720673318716,459.5462384558202,Top,33,14,3901.25,9.051624129930394,629,6.211136890951276,241,6.202305246422894,0.6677265500794913
14931,671.68,0.4114572956832113,346.42825302136237,142.54043213642905,High,115,2,586.0,58.6,150,9.8,10,3.9066666666666667,0.4
17734,160.41999999999996,0.5614496496730911,390.27968255277204,219.12239104377906,High,46,5,1281.9,16.867105263157896,551,8.710526315789474,67,2.326497277676951,0.27223230490018147
16648,290.65999999999997,0.1698006545922982,272.22195464522355,46.223466093153874,Low,365,2,382.14,21.23,499,12.333333333333334,18,0.765811623246493,0.12024048096192386
16370,367.4500000000001,0.6779267079082502,618.8950973145179,419.56551586298724,Top,26,3,953.11,5.295055555555556,134,2.911111111111111,133,7.112761194029851,0.6716417910447761
13201,0.0,0.27242810091020253,387.70791772678444,105.62253173415694,Medium,411,4,1240.6100000000001,14.09784090909091,552,11.806818181818182,65,2.2474818840579713,0.2173913043478261
12568,0.0,0.13545448268960594,193.585193316944,26.22198221711401,Low,554,1,70.0,14.0,554,9.6,5,0.1263537906137184,0.05415162454873647
15973,0.0,0.32926767793912665,411.14237532483867,135.3758952255865,High,276,3,988.44,65.896,338,20.066666666666666,8,2.924378698224852,0.2662721893491124
15160,0.0,0.34713083168598513,307.56732944473606,106.76610286958861,Medium,266,4,589.27,25.620434782608694,330,13.347826086956522,17,1.7856666666666665,0.36363636363636365
16166,0.0,0.255853174016153,281.56076966350287,72.03821659683817,Medium,337,2,435.83,19.810454545454544,600,7.863636363636363,18,0.7263833333333333,0.1
17141,0.0,0.42838606781311067,289.1002604044903,123.84652375842595,Medium,327,4,754.33,4.335229885057472,593,2.5057471264367814,138,1.2720573355817877,0.20236087689713322
12911,0.0,0.2319957060000278,584.4173383436915,135.58231300770183,High,461,1,1680.47,6.77608870967742,461,3.306451612903226,220,3.6452711496746204,0.0650759219088937
14613,0.0,0.1331668356021618,267.4958127920737,35.62157092634873,Low,589,1,76.32000000000001,76.32000000000001,589,72.0,1,0.1295755517826825,0.050933786078098474
17490,1787.1199999999992,0.40501302919935006,341.8124800818992,138.4385079761125,High,86,3,963.38,16.61,479,9.258620689655173,51,2.011231732776618,0.18789144050104384
17251,0.0,0.338724860920933,294.92126916027536,99.89716587893932,Medium,272,3,812.4300000000001,10.155375000000001,634,4.7375,65,1.281435331230284,0.14195583596214512
13369,0.0,0.3054779856982702,366.1553992697489,111.85241382146877,Medium,275,1,616.5600000000001,22.020000000000003,275,10.642857142857142,14,2.242036363636364,0.1090909090909091
17657,0.0,0.20558240067595585,258.6264125744838,53.1690387752726,Low,339,1,126.0,18.0,339,8.571428571428571,7,0.37168141592920356,0.08849557522123894
18097,686.3999999999999,0.7423629859688894,617.8665431143986,458.6812518766805,Top,36,10,3976.92,29.678507462686568,632,18.44776119402985,77,6.292594936708861,0.4746835443037975
17094,0.0,0.2736202922194676,310.284099322111,84.90002592757031,Medium,231,2,402.20000000000005,22.34444444444445,333,11.777777777777779,18,1.207807807807808,0.1801801801801802
18166,0.0,0.14270125190376504,285.66764918974224,40.76513116778179,Low,533,1,175.5,17.55,533,9.0,10,0.32926829268292684,0.056285178236397754
13674,0.0,0.26897511407206515,291.88473741592514,78.50973054234325,Medium,342,1,240.68,17.19142857142857,342,7.285714285714286,14,0.7037426900584796,0.08771929824561403
15491,0.0,0.8288034432209048,904.5766333859198,749.7162284074244,Top,4,6,3100.09,20.130454545454548,145,10.688311688311689,108,21.37993103448276,1.2413793103448276
16134,334.56,0.43598293547822187,599.760339087497,261.48527321878066,High,268,4,1810.78,18.66783505154639,450,14.68041237113402,71,4.023955555555555,0.26666666666666666
15082,0.0,0.13545448268960594,195.303007343602,26.454667827451917,Low,578,1,93.35000000000001,15.558333333333335,578,7.166666666666667,6,0.1615051903114187,0.051903114186851215
14457,0.0,0.2205936229025719,142.02721805168864,31.330298580795553,Low,220,1,113.64,28.41,220,22.0,4,0.5165454545454545,0.13636363636363638
12638,671.6899999999999,0.13545448268960594,329.1051478470797,44.57876755211246,Low,549,1,249.8,27.755555555555556,549,9.555555555555555,9,0.4550091074681239,0.0546448087431694
14058,0.0,0.17427586456913055,287.47815785439496,50.100504504815675,Low,372,2,469.19,19.549583333333334,440,8.791666666666666,23,1.066340909090909,0.13636363636363638
18204,626.3799999999999,0.7215950241307275,725.1685675560341,523.2780300044415,Top,19,2,1367.32,9.908115942028985,101,6.608695652173913,113,13.537821782178217,0.594059405940594
16781,0.0,0.28196231719541787,339.43279666905596,95.70725788092814,Medium,281,2,934.25,16.683035714285715,578,5.446428571428571,36,1.616349480968858,0.10380622837370243
17401,0.0,0.13743348930177485,190.74634757126012,26.214936118287405,Low,450,1,114.85,9.570833333333333,450,2.8333333333333335,11,0.2552222222222222,0.06666666666666667
17756,0.0,0.4124536557215955,312.2843115431617,128.80280592047868,Medium,285,3,733.7,8.631764705882354,303,4.705882352941177,54,2.4214521452145217,0.297029702970297
14596,0.0,0.1418629908366305,306.2127736235544,43.44025989861751,Low,536,1,229.47,4.025789473684211,536,1.3859649122807018,50,0.42811567164179104,0.055970149253731345
15150,1744.8500000000006,0.788922058571516,1158.1537895864901,913.6930718229762,Top,18,8,7256.2300000000005,15.53796573875803,453,10.704496788008566,441,16.018167770419428,0.5298013245033113
13363,992.5000000000002,0.3054779856982702,437.1166198548514,133.52950454849653,High,319,1,731.36,17.413333333333334,319,10.380952380952381,42,2.292664576802508,0.09404388714733543
17534,223.35999999999996,0.3755811249244297,457.54172649406377,171.8440363365062,High,360,4,1445.47,17.415301204819276,561,9.120481927710843,69,2.576595365418895,0.21390374331550802
13395,0.0,0.5205886596398763,426.33178599675,221.9434930339227,High,94,3,1180.23,14.57074074074074,330,20.493827160493826,77,3.5764545454545456,0.2727272727272727
18081,135.4,0.45001892604043287,315.28586352634056,141.88460569985426,High,22,2,208.05,20.805,43,5.5,7,4.838372093023256,1.3953488372093024
16442,179.7599999999999,0.48571737079250443,220.19441825920072,106.952253900044,Medium,137,4,719.71,4.043314606741573,636,2.758426966292135,165,1.131619496855346,0.18867924528301888
16541,0.0,0.15577234865007206,320.3909446499153,49.908049934332546,Low,644,1,424.03,11.158684210526316,644,4.552631578947368,38,0.6584316770186335,0.04658385093167702
17243,4222.689999999998,0.8503729996065227,2079.4764520971853,1768.330628181013,Top,2,59,16667.170000000002,16.903823529411767,647,6.45131845841785,321,25.760695517774344,2.7357032457496135
17633,676.2299999999998,0.6791859095951092,442.17796690377725,300.32104465445803,High,12,5,1381.16,21.580625,298,8.28125,56,4.6347651006711414,0.5033557046979865
15183,0.0,0.2816937245509211,319.0964042590174,89.88745460652902,Medium,457,3,639.93,16.840263157894736,494,7.815789473684211,33,1.295404858299595,0.1821862348178138
13029,474.3,0.5209858557625654,501.8661696968227,261.46517589778006,High,48,4,1453.0,103.78571428571429,432,10.857142857142858,11,3.363425925925926,0.2777777777777778
12615,1656.4499999999994,0.6574280343647142,796.0507145554589,523.3460565248215,Top,77,5,4084.53,20.839438775510207,540,12.010204081632653,167,7.563944444444445,0.2777777777777778
15369,0.0,0.2484509619787547,1330.1942138981453,330.4880320615676,High,401,11,6251.26,105.9535593220339,641,55.728813559322035,44,9.75235569422777,0.514820592823713
16821,0.0,0.214120641793762,157.12006054845958,33.64264820331091,Low,291,1,113.35,16.192857142857143,291,1.8571428571428572,7,0.3895189003436426,0.10309278350515465
17175,311.06000000000006,0.6508110068680647,517.0615814655744,336.5093684464043,Top,50,3,1132.6299999999999,20.225535714285712,205,11.5,42,5.525024390243902,0.43902439024390244
15888,168.31000000000003,0.24098988374753863,208.8897413030115,50.34031447266616,Low,310,2,260.85,9.661111111111111,436,2.3333333333333335,24,0.5982798165137615,0.13761467889908258
14714,160.18999999999997,0.34464130630156176,320.6326490122088,110.5032549984978,Medium,316,3,746.05,8.988554216867469,597,4.975903614457831,59,1.2496649916247906,0.15075376884422112
16749,0.0,0.16412774702431784,1141.2321198455693,187.30785666203957,High,500,2,4387.08,56.975064935064935,633,26.98701298701299,53,6.930616113744076,0.0947867298578199
13815,1049.6099999999994,0.6624721887459784,1320.1176208641334,874.541209695996,Top,81,6,6426.13,20.335854430379747,575,15.145569620253164,188,11.175878260869565,0.31304347826086953
16317,0.0,0.6554076034835347,619.0470665743796,405.7281543470263,Top,29,5,2192.51,18.73940170940171,494,10.564102564102564,103,4.438279352226721,0.3036437246963563
14625,0.0,0.7984206197780774,719.0477450966255,574.1025462900767,Top,105,11,4497.88,16.90932330827068,632,8.101503759398497,167,7.116898734177215,0.5221518987341772
13906,0.0,0.18778727557171637,179.16542054159663,33.64498620016726,Low,318,1,42.0,42.0,318,100.0,1,0.1320754716981132,0.09433962264150944
17323,383.81999999999994,0.7342589003915947,290.5583341679883,213.3450429458006,High,34,9,1181.77,4.5628185328185324,608,4.525096525096525,147,1.943700657894737,0.4440789473684211
18153,0.0,0.13262452160339566,296.1433678190822,39.275872483024216,Low,568,1,246.22,14.483529411764707,568,11.764705882352942,17,0.43348591549295773,0.0528169014084507
13214,0.0,0.3769817492266873,694.3380144817421,261.7527592539121,High,327,7,3264.23,14.254279475982532,555,12.951965065502183,207,5.881495495495495,0.3783783783783784
14956,0.0,0.24932375814386734,715.9337471829688,178.49929242967917,High,330,1,1325.0,331.25,330,625.0,4,4.015151515151516,0.09090909090909091
14579,0.0,0.22530913254469465,227.87265608299236,51.34179047271454,Low,341,1,105.56,4.2224,341,2.24,24,0.3095601173020528,0.0879765395894428
17109,420.45000000000016,0.4037699539076124,328.0212305243356,132.44511712952928,High,141,4,875.01,11.51328947368421,407,5.894736842105263,70,2.14990171990172,0.29484029484029484
16115,736.2900000000003,0.718159691992125,367.63986458075743,264.0241319113433,High,26,9,1838.85,5.8376190476190475,484,3.806349206349206,192,3.799276859504132,0.5578512396694215
13156,0.0,0.317716109334936,508.31942830590896,161.50127106071233,High,294,3,1586.54,15.255192307692308,585,8.788461538461538,94,2.712034188034188,0.15384615384615385
15764,3.3499999999999996,0.7864042497290739,981.7481075947759,772.0508839760078,Top,16,7,4499.73,18.217530364372468,387,11.914979757085021,187,11.62720930232558,0.5426356589147286
16205,649.0300000000002,0.5018674793123441,370.2057714632656,185.79423735115083,High,89,4,1181.58,9.15953488372093,452,7.767441860465116,109,2.6141150442477876,0.26548672566371684
15052,0.0,0.28199925207785737,220.64675956119012,62.22222116965844,Low,228,1,215.78,7.192666666666667,228,2.7333333333333334,27,0.9464035087719298,0.13157894736842105
14610,0.0,0.207763846929709,158.98754447321,33.0318638536623,Low,305,2,24.35,2.435,423,1.5,10,0.057565011820330976,0.14184397163120568
15338,0.0,0.16117510873179933,278.8450719019319,44.94288478312027,Low,586,1,283.43,4.723833333333333,586,2.5,56,0.4836689419795222,0.051194539249146756
12347,1519.14,0.7830031624328929,822.9749464920259,644.3919857062971,Top,39,6,4114.18,21.098358974358977,313,12.4,107,13.144345047923323,0.5750798722044729
12864,0.0,0.2980876117493751,198.49313062573827,59.16834325688306,Low,47,2,299.57,42.79571428571428,417,63.857142857142854,5,0.7183932853717027,0.14388489208633093
13494,0.0,0.26421098840187546,317.5622243247784,83.9034291679478,Medium,221,1,316.26000000000005,17.570000000000004,221,9.0,18,1.4310407239819007,0.13574660633484165
15389,0.0,0.38788426510386537,548.115346989367,212.6053185591208,High,81,5,2733.8,455.6333333333334,591,656.6666666666666,2,4.625719120135364,0.25380710659898476
14779,0.0,0.3216084576940583,268.6622893103371,86.4040645056524,Medium,190,3,386.15,9.418292682926829,233,2.048780487804878,40,1.6572961373390558,0.38626609442060084
17367,0.0,0.25807591076321296,281.7394546960024,72.71016636860179,Medium,147,1,168.4,4.952941176470588,147,4.411764705882353,33,1.1455782312925171,0.2040816326530612
14372,0.0,0.3207385106538735,371.5037223331482,119.15555060350411,Medium,352,2,860.08,22.633684210526315,508,9.947368421052632,36,1.6930708661417324,0.11811023622047244
16429,0.0,0.4823460020345193,562.4801465879805,271.3100499305027,High,15,1,284.55,142.275,15,4.5,2,18.970000000000002,2.0
13599,2839.829999999999,0.8364856022810923,1083.257824760812,906.1295739707537,Top,66,20,7327.8,29.428915662650603,648,19.0,146,11.308333333333334,0.9259259259259258
16463,1103.0300000000004,0.33582742735070836,324.0937109150655,108.83955715715064,Medium,113,1,319.37,16.80894736842105,113,9.421052631578947,19,2.826283185840708,0.26548672566371684
17852,114.34000000000005,0.3551570790071976,264.26931499521015,93.85711798493185,Medium,298,3,548.87,6.382209302325581,640,3.755813953488372,62,0.857609375,0.140625
16021,0.0,0.35727818251977833,293.79901729390224,104.96797892486231,Medium,304,2,532.25,3.670689655172414,454,2.0482758620689654,117,1.1723568281938326,0.13215859030837004
14976,230.89999999999992,0.6344495136532213,255.33599785085568,161.99779965463534,High,10,4,559.96,10.36962962962963,236,3.0,38,2.3727118644067797,0.5084745762711864
16609,2783.420000000001,0.7895933633590111,859.155452505618,678.383443392144,Top,44,5,2710.04,17.59766233766234,162,8.084415584415584,103,16.72864197530864,0.9259259259259258
17890,0.0,0.41106537389642606,350.7426128194047,144.178143280018,High,232,2,602.09,6.405212765957447,270,4.425531914893617,88,2.229962962962963,0.2222222222222222
16399,230.16000000000005,0.32817246882326806,282.19019007125223,92.6070513533901,Medium,144,2,411.66,5.798028169014085,298,4.943661971830986,65,1.3814093959731544,0.20134228187919462
12626,1846.4800000000002,0.7765068279226273,1061.1578137405,823.9962878729457,Top,22,6,4774.0,23.174757281553397,236,11.344660194174757,170,20.228813559322035,0.7627118644067797
15722,797.7599999999999,0.7366494059071564,861.4484591523777,634.5854956542344,Top,18,9,4460.34,27.877125,549,11.5625,84,8.12448087431694,0.4918032786885246
15996,152.82000000000005,0.7035638541604189,457.5996510271405,321.9505741391177,High,25,6,1534.08,7.907628865979381,306,3.6237113402061856,128,5.013333333333333,0.5882352941176471
16053,387.76000000000005,0.6581206499408598,772.7760039229935,508.5798459605009,Top,31,5,3247.08,18.878372093023255,520,13.238372093023257,153,6.244384615384615,0.2884615384615385
14748,296.98,0.8067968960013889,588.8843475632283,475.11006371781565,Top,33,9,2855.34,16.131864406779663,554,14.63276836158192,118,5.154043321299639,0.4873646209386282
13175,0.0,0.17894369892679013,371.91144220052496,66.55120914055905,Low,491,2,831.45,18.075,645,9.195652173913043,40,1.2890697674418605,0.09302325581395349
12977,0.0,0.4904070550974531,237.03873888643886,116.24546988131262,Medium,65,4,517.63,8.773389830508474,420,2.2203389830508473,54,1.2324523809523809,0.2857142857142857
17009,0.0,0.14371300042082746,337.479343093432,48.500168976006975,Low,460,1,242.06,22.005454545454544,460,30.545454545454547,10,0.5262173913043479,0.06521739130434782
15734,0.0,0.4765448511107738,626.6730529912276,298.63781673283864,High,24,4,2263.3,52.63488372093024,456,12.0,36,4.963377192982456,0.2631578947368421
16254,0.0,0.31525403150621767,390.95712766770913,123.25081064333634,Medium,287,3,985.14,13.1352,541,7.32,65,1.8209611829944548,0.16635859519408502
17364,1847.37,0.8352114152946432,1663.2049457790224,1389.1277566891476,Top,46,23,10223.05,13.946862210095498,641,8.612551159618008,396,15.948595943837752,1.076443057722309
15033,957.5699999999999,0.7081071938981655,613.7851876256875,434.6257068658846,Top,18,6,1629.1,5.797508896797153,238,3.2597864768683276,203,6.844957983193277,0.7563025210084033
16496,414.4800000000001,0.6433764394614782,544.8170290213029,350.5224402897067,Top,117,5,1916.29,16.80956140350877,418,12.605263157894736,101,4.584425837320574,0.3588516746411483
17397,696.4099999999997,0.29072855929746405,370.5272792694716,107.7228620824226,Medium,325,1,536.77,11.66891304347826,325,9.630434782608695,44,1.6516,0.0923076923076923
13034,476.91000000000014,0.3157080965628775,259.77625042926275,82.01346555526393,Medium,278,2,445.77,15.371379310344826,310,9.275862068965518,16,1.4379677419354837,0.1935483870967742
13258,473.9599999999999,0.41808140212882905,326.4981090790569,136.50278723618348,High,114,3,561.22,24.40086956521739,310,10.695652173913043,14,1.8103870967741937,0.29032258064516125
13383,0.0,0.15065277329724183,398.3881899452378,60.01828566411843,Low,453,1,305.28000000000003,305.28000000000003,453,288.0,1,0.6739072847682119,0.06622516556291391
16266,100.76999999999998,0.7136705538406648,337.7204809325356,241.02116267045838,High,25,13,1657.18,16.91,582,7.612244897959184,67,2.847388316151203,0.6701030927835052
17312,0.0,0.5749706005310802,488.8743407790743,281.0883733019803,High,48,3,644.3,46.021428571428565,68,26.571428571428573,11,9.475,1.3235294117647058
12673,389.61999999999983,0.3369739122980986,324.24989436493394,109.26375546639699,Medium,236,2,840.4,15.28,311,9.454545454545455,52,2.702250803858521,0.19292604501607716
15222,0.0,0.6276491215446814,595.5843274027081,373.8179799000897,Top,228,11,3550.91,25.73123188405797,632,32.30434782608695,98,5.618528481012658,0.5221518987341772
14325,0.0,0.13456861775482515,321.0002782851634,43.196563747748655,Low,479,1,245.48000000000002,13.637777777777778,479,17.77777777777778,18,0.5124843423799583,0.06263048016701461
13663,0.0,0.5742494866541129,530.4795215022995,304.6275929032149,High,88,5,2047.51,20.681919191919192,556,9.02020202020202,87,3.6825719424460432,0.2697841726618705
13128,0.0,0.1315116390548853,411.56726522727627,54.1258856313758,Low,540,1,263.5,263.5,540,31.0,1,0.487962962962963,0.05555555555555555
15737,307.1899999999999,0.6571299500414911,436.0879973514749,286.5664839132686,High,57,5,897.9300000000001,16.628333333333334,152,8.24074074074074,43,5.907434210526316,0.986842105263158
15376,244.33999999999995,0.6343678934387439,531.4727899382802,337.14927417315886,Top,26,2,989.02,9.69627450980392,131,5.264705882352941,94,7.549770992366412,0.45801526717557256
13379,436.2700000000001,0.5308316095305161,208.29493381571476,110.56953497444819,Medium,46,1,136.29,10.483846153846153,46,12.76923076923077,13,2.9628260869565217,0.6521739130434783
16008,339.62999999999994,0.7605115280906297,951.3943483707066,723.5463696961949,Top,114,13,5044.5,22.222466960352424,540,13.325991189427313,58,9.341666666666667,0.7222222222222222
13281,0.0,0.33359142615723064,368.5596152977366,122.94832769113223,Medium,348,1,350.85,15.947727272727274,348,9.136363636363637,22,1.0081896551724139,0.08620689655172414
17926,0.0,0.5236865300640404,366.6243393101558,191.99622809035685,High,42,5,1035.49,23.533863636363638,488,13.0,27,2.121905737704918,0.3073770491803279
17837,1216.8700000000006,0.6137816485288228,395.4879467217035,242.74324391212642,High,57,3,376.51,11.409393939393938,72,3.090909090909091,23,5.229305555555555,1.25
14151,0.0,0.2465148265212492,280.6040010782181,69.17304664696536,Low,582,2,679.45,15.442045454545456,626,9.204545454545455,44,1.0853833865814697,0.09584664536741214
14823,0.0,0.5866486446718853,349.5809073093101,205.0811654761747,High,89,3,321.43,4.591857142857143,104,1.2571428571428571,56,3.090673076923077,0.8653846153846153
13544,168.49999999999994,0.4858427347156047,235.34857510461225,114.3423953402457,Medium,150,5,660.5,3.0022727272727274,554,1.3909090909090909,186,1.1922382671480145,0.27075812274368233
15932,609.9199999999998,0.7191014010346916,720.7301013887931,518.2780256765564,Top,17,6,1885.95,24.492857142857144,198,19.5974025974026,65,9.525,0.9090909090909092
18040,118.20000000000002,0.2759642340250911,241.87096612257497,66.74773589892517,Low,155,1,239.0,19.916666666666668,155,8.0,12,1.5419354838709678,0.1935483870967742
14803,0.0,0.5727067977352648,339.8709105679874,194.6463808347606,High,71,3,845.55,19.217045454545453,201,8.409090909090908,35,4.206716417910448,0.44776119402985076
16617,0.0,0.236450630627468,201.13029233886047,47.55738446181055,Low,145,1,151.85,30.369999999999997,145,18.2,5,1.0472413793103448,0.20689655172413796
17486,0.0,0.2705444931421823,338.8199562153617,91.66587332074143,Medium,170,1,396.87,16.53625,170,7.958333333333333,24,2.3345294117647057,0.1764705882352941
13570,0.0,0.28675280893500255,271.47756559636855,77.84695449759509,Medium,152,1,239.49,8.870000000000001,152,5.962962962962963,27,1.5755921052631578,0.19736842105263158
17377,2055.5400000000004,0.8255943215257115,1953.2136460269153,1612.5620948863525,Top,35,67,16263.87,10.699914473684212,647,4.34671052631579,436,25.137357032457498,3.106646058732612
16701,1347.8799999999992,0.836395869557237,1336.2380259233207,1117.6239656275816,Top,39,23,8568.85,35.55539419087137,647,39.87966804979253,135,13.243972179289027,1.0664605873261206
13013,1124.8500000000006,0.8595285973202126,1773.8505849428175,1524.6753051315386,Top,2,25,11500.92,22.595127701375247,635,11.781925343811395,271,18.11168503937008,1.1811023622047243
16208,166.66999999999993,0.6282176335575523,591.1023079568939,371.34089309508744,Top,198,9,3273.78,14.42193832599119,562,6.392070484581498,164,5.825231316725979,0.48042704626334515
13374,0.0,0.2777724151703691,289.65822900217836,80.45906584390694,Medium,324,2,422.8,24.870588235294118,359,7.9411764705882355,17,1.177715877437326,0.1671309192200557
16089,0.0,0.28326144340759174,222.94438443134737,63.15154813364048,Low,295,2,271.44,5.4288,418,2.44,42,0.649377990430622,0.14354066985645933
16048,0.0,0.32415880483195336,366.6243393101558,118.84450765308463,Medium,282,4,1075.23,24.437045454545455,459,12.931818181818182,30,2.3425490196078433,0.26143790849673204
15726,0.0,0.26580345795193516,315.46619959238603,83.85200671861156,Medium,299,1,321.91,13.99608695652174,299,5.3478260869565215,23,1.0766220735785954,0.10033444816053512
12946,0.0,0.26580345795193516,366.4335427715451,97.39930277825502,Medium,346,1,324.45,16.2225,346,7.45,20,0.9377167630057803,0.08670520231213873
13624,0.0,0.32037941947782717,471.11220947547775,150.93465618067006,High,297,1,462.08,21.003636363636364,297,37.27272727272727,22,1.5558249158249158,0.10101010101010101
14724,0.0,0.15484639158671668,316.73100868476195,49.04465379845641,Low,499,1,345.25,8.029069767441861,499,4.348837209302325,40,0.6918837675350702,0.06012024048096193
17990,0.0,0.45887239565351795,415.15634734234277,190.50378767574483,High,146,6,1527.6100000000001,26.800175438596494,641,13.631578947368421,40,2.383166926677067,0.28081123244929795
13113,1458.8999999999999,0.8344433035134833,2732.0790192622276,2279.7650422930506,Top,23,33,17166.83,46.64899456521739,530,11.184782608695652,165,32.39024528301887,1.8679245283018866
17923,0.0,0.280818025036098,251.4754501344454,70.6188392518187,Medium,191,3,497.0,165.66666666666666,453,46.666666666666664,2,1.0971302428256071,0.19867549668874174
12477,4385.709999999997,0.6569329165694974,2902.02604350668,1906.4364327214823,Top,10,6,15890.66,34.32107991360691,532,10.764578833693305,276,29.86966165413534,0.3383458646616541
13916,0.0,0.27242810091020253,439.18031906288905,119.64506027943969,Medium,373,4,1275.81,17.240675675675675,585,9.094594594594595,72,2.180871794871795,0.20512820512820512
14075,634.34,0.35164310045287145,368.69348828426644,129.6485213370639,Medium,170,4,1100.53,19.65232142857143,450,18.035714285714285,48,2.445622222222222,0.26666666666666666
15014,142.44,0.30058174158782663,170.13096364660063,51.13826135091044,Low,85,1,117.72999999999999,39.24333333333333,85,22.666666666666668,2,1.3850588235294117,0.3529411764705882
14403,0.0,0.5434537102679331,628.6833181000287,341.6602818050158,Top,39,6,1880.51,75.2204,548,29.48,20,3.4315875912408758,0.3284671532846716
13516,1243.41,0.3200809181164157,299.93307506223107,96.00285403939874,Medium,148,2,441.85,18.410416666666666,327,7.708333333333333,22,1.3512232415902141,0.18348623853211007
12712,483.0500000000001,0.8412604825108067,1091.9117454142254,918.5822018063883,Top,16,19,6710.610000000001,26.111322957198446,640,8.67704280155642,123,10.485328125,0.890625
16418,306.9100000000001,0.5994790460222423,296.36754831318206,177.6661351347372,High,2,4,795.03,6.7375423728813555,332,3.9491525423728815,94,2.3946686746987953,0.3614457831325301
17855,0.0,0.26580345795193516,314.8275664114284,83.68225581075018,Medium,282,1,417.94,12.292352941176471,282,11.588235294117647,17,1.4820567375886524,0.10638297872340426
13734,0.0,0.17036994375974782,1775.6596094253705,302.51902779425615,High,418,4,6701.640000000001,239.34428571428575,512,10.821428571428571,24,13.089140625000002,0.234375
18151,0.0,0.6302761445861508,524.8053155850265,330.77227096524865,Top,44,6,1879.44,17.730566037735848,555,9.30188679245283,99,3.3863783783783785,0.32432432432432434
17976,0.0,0.37416161081836125,420.3501427712506,157.27888652701927,High,281,1,706.38,5.433692307692308,281,1.6307692307692307,56,2.5138078291814945,0.10676156583629892
12818,0.0,0.30574205177839237,1106.7066617450741,338.36676547875425,Top,171,1,1542.08,110.14857142857143,171,66.35714285714286,14,9.018011695906432,0.17543859649122806
15388,0.0,0.2314765249034451,208.53890715878575,48.271861536277896,Low,179,1,140.54,14.053999999999998,179,8.8,10,0.7851396648044693,0.16759776536312848
15122,0.0,0.8082234876990103,776.9640251676485,627.9605742376585,Top,23,11,4497.47,19.725745614035088,528,8.969298245614034,155,8.517935606060606,0.625
14671,0.0,0.17355157019077258,427.5431199105371,74.20077978473547,Medium,458,2,1127.45,20.49909090909091,477,10.381818181818181,48,2.3636268343815514,0.12578616352201258
17049,3053.3300000000027,0.8202513047868394,1049.246818881937,860.6460722313494,Top,27,15,6894.150000000001,18.335505319148936,555,7.13563829787234,238,12.421891891891892,0.8108108108108109
16457,0.0,0.2860934673436632,250.91349919432056,71.78471298783461,Medium,127,1,208.36,23.151111111111113,127,15.555555555555555,9,1.6406299212598425,0.23622047244094488
12574,0.0,0.26737056250934443,220.05146383008315,58.83528366525399,Low,225,1,218.45,19.85909090909091,225,5.545454545454546,11,0.9708888888888888,0.13333333333333333
17082,1366.9099999999999,0.44402374197537314,749.3335481529587,332.72188603856017,Top,227,5,3365.12,29.779823008849558,634,15.867256637168142,74,5.307760252365931,0.23659305993690852
12887,0.0,0.26897511407206515,236.5975996938636,63.63886636683377,Low,293,1,222.4,17.107692307692307,293,7.6923076923076925,13,0.7590443686006826,0.10238907849829351
14750,0.0,0.148104909457282,228.17951011326738,33.794505685332425,Low,645,1,112.03,3.5009375,645,2.03125,32,0.17368992248062015,0.046511627906976744
17495,497.56,0.26580345795193516,311.91435578326065,82.90791435204086,Medium,300,1,309.16,14.721904761904764,300,6.571428571428571,21,1.0305333333333335,0.1
16762,1187.2300000000005,0.5713304580134635,455.6567238182136,260.3305647159742,High,53,1,314.15000000000003,24.165384615384617,53,11.0,13,5.927358490566038,0.5660377358490566
17995,0.0,0.3221045156273209,285.0783819624374,91.82503413783127,Medium,191,3,495.48,17.08551724137931,296,9.068965517241379,28,1.673918918918919,0.30405405405405406
12664,2924.3999999999996,0.4260318524491906,654.718594831448,278.93097578897283,High,53,5,3145.64,120.98615384615384,636,30.653846153846153,10,4.945974842767296,0.2358490566037736
13403,75.0,0.208755147569875,196.21420433294855,40.96072518083029,Low,297,2,154.5,25.75,632,11.666666666666666,6,0.2444620253164557,0.0949367088607595
13804,1092.3799999999997,0.782025510027483,666.666775901796,521.3504254429797,Top,6,6,2116.14,17.6345,346,10.583333333333334,107,6.116011560693641,0.5202312138728323
13993,1218.9499999999996,0.8375913004898372,953.5765793124448,798.707447182961,Top,10,16,5556.76,23.848755364806866,646,8.103004291845494,108,8.601795665634675,0.7430340557275541
15512,0.0,0.30224552057648973,186.2807669708876,56.3025273865037,Low,65,4,331.58,10.361875,585,7.34375,29,0.5668034188034188,0.20512820512820512
17290,525.2399999999998,0.36597348198849067,292.05978161696993,106.88613522716066,Medium,291,6,976.2,9.665346534653466,635,7.356435643564357,96,1.5373228346456693,0.28346456692913385
13808,1024.5599999999997,0.6916028306598119,606.350933787314,419.35402218052656,Top,3,2,723.1,20.66,6,9.257142857142858,33,120.51666666666667,10.0
16099,139.80000000000007,0.5765976203145664,406.0634954020921,234.13524514546117,High,47,6,1433.4,23.11935483870968,556,14.32258064516129,41,2.578057553956835,0.3237410071942446
14599,0.0,0.347178969721407,304.5167920499164,105.7218261267579,Medium,299,2,474.54,5.787073170731707,418,3.597560975609756,77,1.135263157894737,0.14354066985645933
15502,4429.399999999996,0.7767486385670515,1638.775168364924,1272.916380944945,Top,33,7,9564.07,29.887718749999998,464,16.83125,216,20.612219827586205,0.4525862068965517
16132,0.0,0.19781469402028617,339.43816151388677,67.14585605867799,Low,453,2,664.1999999999999,39.07058823529411,537,16.470588235294116,14,1.2368715083798882,0.111731843575419
15840,113.82,0.371360391377995,299.3741249795013,111.17569222083239,Medium,82,1,241.74,14.22,82,15.058823529411764,17,2.948048780487805,0.36585365853658536
15705,0.0,0.307664993648964,212.59285926105449,65.40738069436742,Low,110,1,143.1,23.849999999999998,110,10.333333333333334,6,1.3009090909090908,0.27272727272727276
15069,0.0,0.4994280024096166,750.3777510800122,374.759661274511,Top,88,1,1109.53,15.850428571428571,88,7.428571428571429,70,12.608295454545454,0.34090909090909094
15407,315.71,0.5265184396006469,352.05444548232634,185.3631572898255,High,93,3,740.73,11.947258064516129,214,5.306451612903226,62,3.461355140186916,0.4205607476635514
18210,2478.980000000001,0.2768500501130729,206.22182728707548,57.09252321883631,Low,176,2,289.85,19.323333333333334,292,10.866666666666667,14,0.99263698630137,0.20547945205479454
13511,0.0,0.13262452160339566,360.2320299745655,47.77560064159683,Low,586,1,282.76,56.552,586,12.0,5,0.4825255972696246,0.051194539249146756
17553,0.0,0.36685706623715375,704.765220154188,258.5481010517472,High,39,4,3757.6,626.2666666666667,520,381.3333333333333,2,7.226153846153846,0.23076923076923078
17050,0.0,0.8028628981433903,766.4158471139219,615.3268481969048,Top,5,11,4691.79,13.142268907563025,591,6.8655462184873945,193,7.938730964467005,0.5583756345177665
14574,0.0,0.14522837116407974,253.71565893874327,36.84671188649487,Low,642,1,143.70000000000002,13.063636363636364,642,5.7272727272727275,11,0.2238317757009346,0.04672897196261683
15313,0.0,0.383858227517292,142.43424906850888,54.67455838519432,Low,19,1,52.0,52.0,19,25.0,1,2.736842105263158,1.5789473684210527
16473,0.0,0.40372776375344127,259.80957946293495,104.89234051829273,Medium,74,4,470.83,16.815357142857142,283,10.571428571428571,26,1.6637102473498233,0.42402826855123676
13728,219.1200000000001,0.7703491168188664,411.49233112402055,316.9927538591258,High,16,15,2636.05,17.45728476821192,639,7.71523178807947,68,4.1252738654147105,0.704225352112676
15412,0.0,0.30772027082477765,237.9426209302823,73.21976775342387,Medium,80,1,190.53,19.053,80,10.8,10,2.381625,0.375
14384,0.0,0.12774432216232598,212.38537139258761,27.131025305739964,Low,410,1,58.5,19.5,410,10.0,3,0.14268292682926828,0.07317073170731708
17931,0.0,0.8080742762438111,603.5881031899298,487.74401963457734,Top,43,14,3437.29,9.628263305322129,570,5.42577030812325,274,6.030333333333333,0.7368421052631579
17338,1436.9100000000005,0.8210764924202838,1751.335744581936,1437.9806102116022,Top,23,16,10705.66,9.087996604414261,548,4.33106960950764,538,19.53587591240876,0.8759124087591241
14074,0.0,0.1491798266263623,345.55193713830613,51.54937807269616,Low,532,1,219.39999999999998,36.56666666666666,532,38.0,6,0.41240601503759394,0.05639097744360902
13851,0.0,0.6949282968554114,833.0791861255444,578.9302999599169,Top,5,8,4606.46,32.903285714285715,589,18.035714285714285,111,7.820814940577249,0.4074702886247878
15842,0.0,0.277717945679509,349.5161150800491,97.0668974619141,Medium,302,2,548.8,21.951999999999998,437,11.84,24,1.2558352402745994,0.13729977116704806
17047,351.46999999999997,0.47823695046675313,514.4437095265503,246.02599083078155,High,114,5,1937.76,16.148,641,8.358333333333333,98,3.0230265210608422,0.23400936037441497
16942,471.4500000000001,0.754230458483278,666.6382766291771,502.79889302452654,Top,45,7,1449.14,7.3560406091370565,137,3.030456852791878,115,10.577664233576643,1.5328467153284673
18072,0.0,0.3686939440878941,284.73370971356997,104.97959444907363,Medium,95,1,247.44,13.746666666666666,95,16.0,18,2.604631578947368,0.31578947368421056
15935,0.0,0.3250479102131974,294.9967028319761,95.88806177531744,Medium,148,2,416.86,34.73833333333334,151,9.583333333333334,12,2.760662251655629,0.3973509933774835
17970,0.0,0.4066687100451448,501.65335922488623,204.00672448579814,High,120,1,582.59,18.793225806451613,120,16.93548387096774,27,4.854916666666667,0.25
18198,998.1700000000003,0.8412950453417847,1201.9089654567451,1011.1600575906299,Top,10,14,4427.39,37.84094017094017,245,29.837606837606838,64,18.070979591836736,1.7142857142857144
16221,549.4900000000001,0.5988858737623324,408.0631151883077,244.38323528972893,High,185,8,1686.02,8.558477157360405,395,5.406091370558376,117,4.268405063291139,0.6075949367088608
16955,0.0,0.5117810190245481,396.00153421980167,202.66606871829455,High,94,6,1309.41,22.972105263157896,587,14.43859649122807,33,2.230681431005111,0.30664395229982966
12806,0.0,0.40955664061874003,854.4815618454171,349.95859794006316,Top,344,4,2878.96,42.96955223880597,498,31.149253731343283,58,5.7810441767068275,0.24096385542168672
12715,0.0,0.6793221001873683,583.1935677371648,396.176279250975,Top,15,1,353.86,16.85047619047619,15,9.380952380952381,20,23.590666666666667,2.0
15086,0.0,0.13743348930177485,194.90212516604785,26.786079133901218,Low,474,2,218.53,19.866363636363637,534,8.636363636363637,10,0.4092322097378277,0.11235955056179775
15994,427.0700000000001,0.3025542879484762,347.13070961793954,105.02588467350496,Medium,321,2,775.11,9.811518987341772,545,3.6962025316455698,69,1.4222201834862385,0.11009174311926605
12801,0.0,0.1914079042373479,480.6837971976904,92.0066782224603,Medium,410,1,1071.82,21.4364,410,10.1,50,2.6141951219512194,0.07317073170731708
15966,0.0,0.33359142615723064,369.94623381131254,123.41089173861205,Medium,360,1,426.53000000000003,15.797407407407409,360,10.185185185185185,27,1.1848055555555557,0.08333333333333333
13795,0.0,0.3277255367295891,314.84414088213884,103.18246505676532,Medium,297,4,836.3,28.837931034482757,547,43.10344827586207,23,1.5288848263254113,0.21937842778793418
12393,521.5,0.6204477156233424,613.729242124538,380.78690628741487,Top,155,5,1877.95,22.901829268292683,337,12.402439024390244,53,5.572551928783383,0.4451038575667656
15776,0.0,0.5017893019167148,368.6687078527236,184.99401355195545,High,42,1,241.62,13.423333333333334,42,7.666666666666667,18,5.752857142857143,0.7142857142857143
15501,0.0,0.3244032623695741,310.6856865042419,100.78745027350685,Medium,314,2,402.5,5.75,325,2.942857142857143,64,1.2384615384615385,0.1846153846153846
12836,500.3299999999999,0.8057002128434929,913.7355979059639,736.1969657155114,Top,46,14,6085.29,16.71782967032967,647,5.576923076923077,252,9.405394126738795,0.6491499227202473
12802,0.0,0.7802305566405165,587.9129358380557,458.70763718508647,Top,96,7,2416.42,17.510289855072465,473,14.289855072463768,108,5.108710359408034,0.4439746300211416
16750,207.81,0.6213429986533476,263.5096869794013,163.7298990819862,High,30,3,416.12,8.853617021276596,141,2.9361702127659575,44,2.9512056737588654,0.6382978723404255
16059,508.5599999999998,0.7929782279121247,542.1353681446014,429.9015435197934,Top,73,10,2709.21,7.2053457446808515,478,3.345744680851064,207,5.667803347280334,0.6276150627615062
13021,1463.9099999999999,0.8102279035765793,621.6651179578271,503.6904252496571,Top,76,12,3423.33,18.605054347826087,644,9.353260869565217,116,5.315729813664596,0.5590062111801243
16027,0.0,0.6754825721463908,363.4256293114997,245.48767887125257,High,1,15,2048.36,58.524571428571434,609,59.97142857142857,20,3.3634811165845653,0.7389162561576355
17345,253.60999999999993,0.6915854265740804,350.7514078293804,242.5745620051413,High,2,9,1351.07,8.391739130434782,647,11.459627329192546,140,2.0882071097372488,0.41731066460587324
12559,0.0,0.330784760016603,342.01762782846873,113.13421894268787,Medium,220,2,561.71,26.74809523809524,229,13.476190476190476,21,2.452882096069869,0.26200873362445415
16517,0.0,0.23888166843856354,212.80956756642576,50.836304559957,Low,186,1,162.7,9.570588235294117,186,5.647058823529412,17,0.8747311827956988,0.16129032258064516
14775,310.44000000000005,0.3910249221178317,482.96093846108687,188.84976334770138,High,47,2,1108.02,18.467,281,19.766666666666666,39,3.9431316725978647,0.21352313167259784
17677,4678.880000000004,0.8589991468548888,4732.449728912875,4065.170279669809,Top,9,44,32014.03,52.22517128874388,633,31.33605220228385,303,50.5750868878357,2.0853080568720377
16719,503.98999999999984,0.7960612958117765,548.6392535539132,436.750475117334,Top,58,12,3469.31,9.08196335078534,636,5.4188481675392675,186,5.454889937106918,0.5660377358490566
16682,217.77999999999997,0.6373735896701693,475.9190602307569,303.33823981173106,High,1,3,810.22,40.511,97,38.1,15,8.352783505154639,0.9278350515463918
14442,0.0,0.687297921982653,1044.9934606993652,718.2218340241349,Top,114,7,5367.0199999999995,29.3279781420765,599,7.819672131147541,128,8.959966611018363,0.3505843071786311
13701,0.0,0.24544518837858767,301.9168077179555,74.10402774499542,Medium,356,1,161.0,17.88888888888889,356,8.88888888888889,9,0.45224719101123595,0.08426966292134831
16973,0.0,0.20558240067595585,231.9990004670664,47.69491147044171,Low,295,1,127.0,21.166666666666668,295,10.0,6,0.43050847457627117,0.10169491525423728
17035,0.0,0.35654662608817983,241.7102408352265,86.1809708607614,Medium,155,4,613.59,18.593636363636364,646,9.909090909090908,29,0.9498297213622292,0.18575851393188852
12808,202.3,0.4632520649158459,298.39527882656034,138.23222907754368,High,94,4,703.8000000000001,16.75714285714286,372,7.023809523809524,35,1.8919354838709679,0.3225806451612903
12387,0.0,0.20553598663336894,219.05608905346446,45.023909391650946,Low,324,1,143.94,15.993333333333332,324,14.88888888888889,9,0.44425925925925924,0.09259259259259259
16950,400.15,0.8000513045249246,604.4111021607453,483.5598907530517,Top,33,9,3384.2200000000003,25.0682962962963,594,16.185185185185187,101,5.697340067340067,0.45454545454545453
16149,116.83999999999999,0.3194627684794641,207.78234244631554,66.37872235904803,Low,51,2,305.38,13.277391304347827,338,19.91304347826087,23,0.903491124260355,0.17751479289940827
16017,211.87999999999997,0.31398832704084906,400.71409512683556,125.81954835056274,Medium,326,4,1341.95,13.555050505050506,613,5.434343434343434,81,2.1891517128874387,0.19575856443719414
14163,786.5199999999996,0.5699267833056578,612.8929931718861,349.3041321090296,Top,61,4,1808.1000000000001,37.66875,371,13.458333333333334,37,4.873584905660378,0.32345013477088946
16184,172.98999999999995,0.6514743767841024,543.8026894474468,354.27351820129417,Top,15,5,985.8000000000001,26.643243243243244,120,12.702702702702704,22,8.215,1.25
13597,0.0,0.2836972019759749,307.0991836198785,87.12317912206568,Medium,309,2,396.71,23.335882352941177,312,13.588235294117647,17,1.2715064102564102,0.1923076923076923
16740,0.0,0.3000600779214293,253.8243278018342,76.16254757857278,Medium,304,1,236.81,7.176060606060606,304,3.515151515151515,30,0.7789802631578947,0.09868421052631579
14363,0.0,0.28103222186672794,187.68922069913413,52.74671871351233,Low,311,2,227.47000000000003,28.433750000000003,360,13.125,8,0.6318611111111112,0.16666666666666666
13301,0.0,0.6400700787679379,302.60670803805,193.68949944962102,High,13,4,618.09,7.630740740740741,201,4.2592592592592595,75,3.0750746268656717,0.5970149253731343
14595,1576.8000000000004,0.3100269323590876,238.06696172626022,73.80716984004079,Medium,222,3,587.6500000000001,15.06794871794872,597,8.35897435897436,30,0.9843383584589617,0.15075376884422112
15591,0.0,0.15218052581869476,180.7819260772897,27.511488568958356,Low,492,3,217.9,31.12857142857143,583,8.285714285714286,6,0.3737564322469983,0.15437392795883362
14063,0.0,0.36533961784931884,3779.1197010152146,1380.6621473757307,Top,347,9,22710.2,567.755,640,96.25,30,35.4846875,0.421875
13145,118.79999999999997,0.4597144134913673,380.76647295328877,175.04383579089773,High,1,6,1304.72,144.9688888888889,509,26.88888888888889,5,2.5633005893909626,0.35363457760314343
14782,0.0,0.2799818969373091,205.9126482640693,57.651813864359035,Low,229,1,200.10000000000002,33.35,229,19.0,6,0.8737991266375547,0.13100436681222707
16124,0.0,0.38722156622135445,481.48812780939835,186.44258696734292,High,226,4,1772.49,21.615731707317074,642,9.71951219512195,63,2.76088785046729,0.1869158878504673
15741,0.0,0.12774432216232598,193.77510232887312,24.75366909893725,Low,367,2,208.62,17.385,528,5.833333333333333,11,0.3951136363636364,0.11363636363636363
17993,0.0,0.1644652040772718,275.8268282571054,45.36391559929144,Low,526,1,235.19,3.67484375,526,1.75,60,0.4471292775665399,0.05703422053231939
14606,2592.4600000000005,0.8502645618564052,3910.790881046277,3325.2068949848376,Top,3,170,28268.6,4.788042005420054,646,2.4205623306233064,1221,43.759442724458204,7.894736842105263
14759,755.1199999999997,0.5615489891222453,489.2729343434394,274.75072168543306,High,22,2,870.85,16.747115384615384,142,4.75,47,6.13274647887324,0.4225352112676056
13082,0.0,0.8384469048961247,1022.6398543118062,857.4292206711579,Top,35,21,7335.75,56.866279069767444,626,65.62790697674419,99,11.718450479233226,1.0063897763578276
12754,0.0,0.5553125652099915,867.927905269443,481.97127149250895,Top,145,3,3010.74,47.78952380952381,218,102.87301587301587,49,13.810733944954128,0.41284403669724773
14900,0.0,0.136711508570603,190.8473151418648,26.09102435969362,Low,431,1,13.919999999999998,13.919999999999998,431,48.0,1,0.032296983758700694,0.06960556844547564
15081,256.75,0.7013019250457471,381.1036226784374,267.26870422629617,High,117,9,1708.97,18.376021505376343,445,7.838709677419355,65,3.84038202247191,0.6067415730337078
12735,0.0,0.31859093426623536,373.00742480225205,118.836783955992,Medium,224,2,779.5699999999999,18.12953488372093,246,8.55813953488372,38,3.168983739837398,0.24390243902439027
14115,0.0,0.2158562066803636,337.3590207796878,72.82103851490537,Medium,411,2,622.6700000000001,28.303181818181823,576,23.136363636363637,22,1.0810243055555557,0.10416666666666667
13773,0.0,0.23848613231493154,194.60274488532153,46.410055965569654,Low,306,2,301.54,15.870526315789474,569,9.157894736842104,19,0.5299472759226714,0.1054481546572935
16435,0.0,0.2910985573975254,399.29680014415163,116.23472249541055,Medium,421,3,1011.5699999999999,8.028333333333332,423,4.833333333333333,119,2.391418439716312,0.2127659574468085
14672,0.0,0.35892406094349155,381.1814830046269,136.8152058364832,High,144,4,1113.14,10.501320754716982,590,6.09433962264151,93,1.886677966101695,0.20338983050847456
15614,0.0,0.4060919211766345,878.463897812805,356.7370919471167,Top,347,4,3147.36,38.8562962962963,536,20.14814814814815,73,5.871940298507463,0.22388059701492538
13491,127.36999999999995,0.8458888787070358,778.2859233698096,658.3434070327581,Top,57,26,4439.1900000000005,17.073807692307696,642,8.823076923076924,137,6.9146261682242995,1.2149532710280375
12494,377.2400000000001,0.6608964621194657,417.97503233155555,276.2382201221944,High,71,7,1495.63,17.59564705882353,485,7.588235294117647,62,3.083773195876289,0.43298969072164945
15920,0.0,0.5159117620753736,185.0994477382078,95.49498224179732,Medium,63,9,571.64,5.292962962962963,634,2.2222222222222223,93,0.9016403785488959,0.42586750788643535
18084,90.48000000000002,0.3565061447016991,411.270660776017,146.62051770217812,High,292,2,722.4499999999999,103.20714285714284,298,64.14285714285714,6,2.4243288590604024,0.20134228187919462
13445,0.0,0.14165842060852202,377.68333545774726,53.50202479110308,Low,535,1,241.89999999999998,34.55714285714286,535,28.285714285714285,7,0.45214953271028036,0.05607476635514019
13990,0.0,0.32900061357889704,351.4575711076229,115.62975654135678,Medium,122,1,311.3,19.45625,122,11.875,16,2.5516393442622953,0.24590163934426232
15530,333.6200000000001,0.6260338655528673,467.64548329103326,292.7619096130244,High,59,4,1480.1,11.473643410852713,422,8.186046511627907,98,3.5073459715639808,0.2843601895734597
15134,773.1300000000002,0.5906810154611426,269.37171054506103,159.11275552126162,High,36,6,823.16,17.149166666666666,332,11.666666666666666,31,2.4793975903614456,0.5421686746987951
14180,638.3999999999997,0.8353635506105991,1142.519077207573,954.4187929764634,Top,16,29,5680.85,20.657636363636364,457,2.829090909090909,120,12.43074398249453,1.9037199124726478
18219,702.6399999999999,0.7809084397114875,412.86762378818264,322.4118118998191,High,58,15,2860.25,16.924556213017752,641,8.071005917159763,78,4.462168486739469,0.7020280811232449
14127,0.0,0.7240022309016951,604.6644138028523,437.77838454013084,Top,32,6,1900.0800000000002,16.240000000000002,335,7.076923076923077,96,5.671880597014926,0.5373134328358209
17023,0.0,0.2913409055108365,313.66950331338853,91.38475712645695,Medium,326,3,800.18,16.33020408163265,606,10.816326530612244,48,1.3204290429042904,0.1485148514851485
14533,1214.7400000000005,0.6050416706347994,563.4107299352864,340.8869692936175,Top,22,6,2251.63,44.149607843137254,520,57.470588235294116,44,4.330057692307692,0.3461538461538462
15988,158.03000000000006,0.30342346558880345,286.2764259402827,86.86298527517701,Medium,461,2,612.0600000000001,6.000588235294118,566,2.9901960784313726,93,1.0813780918727915,0.10600706713780919
16622,0.0,0.13743348930177485,292.3611278475726,40.1802099362942,Low,453,1,225.4,18.783333333333335,453,3.6666666666666665,12,0.4975717439293598,0.06622516556291391
18157,0.0,0.13983256017861767,278.07866973995186,38.88445232080177,Low,480,1,215.35,8.282692307692308,480,5.615384615384615,25,0.4486458333333333,0.0625
14771,0.0,0.1784824802382887,277.11866119969204,49.46082597123505,Low,530,2,594.62,12.651489361702128,646,13.23404255319149,46,0.9204643962848297,0.09287925696594426
14353,0.0,0.2881962493286124,218.1209101879915,62.861628216322266,Low,124,3,376.5,15.06,341,13.76,18,1.1041055718475072,0.26392961876832843
18181,382.79999999999995,0.37676002053585705,268.7094299391935,101.238970342069,Medium,309,4,823.14,5.964782608695652,644,2.739130434782609,119,1.278167701863354,0.1863354037267081
17889,0.0,0.39478966768909973,240.84977556992203,95.08500286024378,Medium,121,7,774.87,6.351393442622951,528,3.418032786885246,97,1.4675568181818182,0.3977272727272727
16430,300.8500000000001,0.3093163905627381,257.36988216562304,79.60872299102773,Medium,290,6,817.09,37.140454545454546,591,9.272727272727273,17,1.3825549915397632,0.30456852791878175
16390,0.0,0.1608574597809691,240.27410204503664,38.649881706117945,Low,446,3,467.5,22.261904761904763,588,5.809523809523809,16,0.7950680272108843,0.1530612244897959
12798,5370.000000000004,0.43925288763885795,1048.7218838399885,460.65411580677795,Top,80,2,3140.93,101.32032258064515,331,175.96774193548387,27,9.489214501510574,0.18126888217522658
13730,0.0,0.6463895311876969,625.0944936463015,404.05453669604367,Top,45,2,752.6,17.50232558139535,71,11.348837209302326,38,10.6,0.8450704225352113
13789,0.0,0.28163303819211927,265.2267071415167,74.69660334195682,Medium,297,1,239.45999999999998,13.303333333333333,297,14.333333333333334,18,0.8062626262626262,0.10101010101010101
14223,0.0,0.5763242344184512,470.2420841660984,271.01190914836354,High,1,3,991.13,16.518833333333333,173,9.75,50,5.729075144508671,0.5202312138728323
15264,393.74000000000007,0.22274015434033503,341.6977436096187,76.1098081493507,Medium,439,1,454.66,14.208125,439,5.5625,32,1.0356719817767654,0.0683371298405467
14021,0.0,0.5895652473266303,456.04648506293864,268.8691587585718,High,64,7,1716.58,19.07311111111111,502,9.755555555555556,84,3.4194820717131473,0.4183266932270916
15287,486.69000000000005,0.27391293737636346,233.7129545638625,64.01700188749615,Low,289,3,369.34000000000003,23.083750000000002,647,36.0625,13,0.5708500772797528,0.1391035548686244
16446,168469.6000000001,0.25917727257035,176.80547829881232,45.82396164098238,Low,115,1,2.9,1.45,115,1.0,2,0.025217391304347827,0.2608695652173913
17012,0.0,0.1399024770778753,303.7495979100484,42.495321159024385,Low,634,1,384.16,9.146666666666667,634,6.380952380952381,34,0.6059305993690852,0.04731861198738171
14635,0.0,0.1732530811264406,279.55435599632904,48.43365351868185,Low,363,1,215.22,14.348,363,7.866666666666666,15,0.5928925619834711,0.08264462809917356
17900,0.0,0.3654602092642362,105.63120784882125,38.604003325264244,Low,99,2,112.19999999999999,18.7,99,12.166666666666666,4,1.1333333333333333,0.6060606060606061
16645,0.0,0.14522837116407974,257.35220239858336,37.37484116983484,Low,645,1,160.39,11.456428571428571,645,8.357142857142858,14,0.24866666666666665,0.046511627906976744
16332,933.9299999999997,0.5785936809133564,327.99515322092526,189.77592302383547,High,39,7,1076.48,10.764800000000001,498,6.02,81,2.161606425702811,0.4216867469879518
12680,569.03,0.6057053759393042,504.62867618392767,305.6563020177393,High,22,1,311.78,15.588999999999999,22,11.5,20,14.17181818181818,1.3636363636363638
15208,546.5999999999999,0.397775265234163,238.89618126693296,95.02699186688294,Medium,72,3,423.91999999999996,19.269090909090906,333,8.818181818181818,19,1.2730330330330328,0.2702702702702703
16128,1185.5200000000004,0.7888733125126575,597.9889944724705,471.73755891561103,Top,53,8,2615.53,19.96587786259542,420,13.916030534351146,116,6.227452380952381,0.5714285714285714
16232,265.83999999999986,0.6122274094937586,710.9459223511953,435.2605803312232,Top,52,6,2447.13,24.71848484848485,459,17.545454545454547,60,5.331437908496732,0.39215686274509803
17474,0.0,0.16516118248351228,691.3022512868187,114.17629727604512,Medium,509,1,1047.0,174.5,509,33.333333333333336,6,2.056974459724951,0.05893909626719058
17757,2284.8399999999997,0.8196048557539547,1127.0423444746161,923.7293781717167,Top,23,46,7137.610000000001,7.173477386934674,604,3.664321608040201,306,11.817235099337749,2.2847682119205297
16745,821.6,0.8706729705681934,1768.8336487615447,1540.0756474081904,Top,7,16,6372.7,19.07994011976048,221,17.32634730538922,144,28.83574660633484,2.1719457013574663
13880,1539.0099999999993,0.8173340642840095,595.3812200550126,486.6253523859356,Top,54,12,2852.65,18.767434210526318,471,10.519736842105264,101,6.056581740976646,0.7643312101910829
17066,0.0,0.1385885089119922,258.3424849925508,35.803299783736335,Low,635,1,228.34,12.685555555555556,635,5.166666666666667,17,0.3595905511811024,0.047244094488188976
15727,569.6700000000001,0.8179369831542507,1462.6091736406522,1196.3221350213666,Top,16,14,8875.84,13.55090076335878,594,8.403053435114504,407,14.942491582491582,0.7070707070707071
17227,465.57000000000016,0.6674538242181487,300.1740117770535,200.352292091498,High,82,9,1556.46,15.5646,602,13.29,50,2.585481727574751,0.4485049833887043
16786,0.0,0.18778727557171637,178.86286497668232,33.58817011492294,Low,303,1,51.839999999999996,51.839999999999996,303,72.0,1,0.17108910891089107,0.09900990099009901
12369,0.0,0.3358107048735888,616.6078639146707,207.06352141178348,High,322,3,1791.15,19.25967741935484,551,13.344086021505376,90,3.250725952813067,0.16333938294010888
13765,0.0,0.15003452177399068,423.0348901952433,63.469837444155985,Low,562,1,352.821,20.754176470588238,562,17.470588235294116,17,0.6277953736654804,0.05338078291814946
17005,0.0,0.2124750050921029,367.91680790635905,78.17312563337389,Medium,380,2,742.36,37.118,498,39.35,14,1.4906827309236947,0.12048192771084336
16938,325.62999999999994,0.6958479008050191,1118.3469658156894,778.1993885345099,Top,89,8,6717.55,8.24239263803681,569,5.9742331288343555,541,11.805887521968366,0.421792618629174
14912,385.0600000000002,0.3449461360831761,408.1534113928895,140.7909421891442,High,156,5,1504.1899999999998,30.083799999999997,591,25.86,37,2.545160744500846,0.25380710659898476
14796,1429.12,0.855156635473878,1417.2595326297394,1211.9788935169288,Top,4,24,9460.52,7.188844984802432,634,4.92629179331307,428,14.921955835962146,1.135646687697161
16276,0.0,0.38556947451189766,903.6533235134592,348.42113708801435,Top,86,3,2629.3900000000003,101.13038461538463,517,56.42307692307692,20,5.085860735009672,0.17408123791102514
17874,0.0,0.5721077982595136,310.81470749833665,177.81951797354813,High,94,6,683.46,14.857826086956523,165,4.804347826086956,37,4.142181818181818,1.0909090909090908
17355,0.0,0.2798559415809845,265.2907094060457,74.24318127351626,Medium,295,1,285.11,7.705675675675676,295,6.945945945945946,28,0.9664745762711865,0.10169491525423728
17853,0.0,0.3065055528388015,495.2746084353159,151.80441766548742,High,316,3,1608.19,15.171603773584906,645,5.915094339622642,84,2.4933178294573644,0.13953488372093023
18259,1962.3000000000006,0.42937054725030216,517.5802763693662,222.2337265106774,High,275,5,2355.9,41.33157894736842,641,13.894736842105264,36,3.6753510140405616,0.23400936037441497
12350,0.0,0.26421098840187546,331.81662207548646,87.66959768673584,Medium,219,1,334.4,19.670588235294115,219,11.588235294117647,17,1.5269406392694063,0.136986301369863
16916,378.17999999999984,0.43735691737993365,319.355197441898,139.67220470244857,High,281,3,745.22,4.358011695906433,324,2.497076023391813,100,2.300061728395062,0.27777777777777773
17173,2805.3399999999992,0.5821419825870737,673.0497878336301,391.8105378692788,Top,26,2,961.26,38.4504,40,9.52,13,24.0315,1.5
17308,0.0,0.2816083620447935,1299.0835742675533,365.83279750878154,Top,302,2,4511.76,644.5371428571428,362,735.4285714285714,5,12.463425414364641,0.16574585635359115
15453,675.5700000000002,0.7191870224821238,529.1638114532738,380.5677459643719,Top,1,4,712.8,4.752,97,2.4133333333333336,102,7.348453608247422,1.2371134020618557
14644,643.2600000000001,0.48206546603658906,449.80356040625674,216.83476297215918,High,207,6,1604.46,36.465,645,13.136363636363637,37,2.4875348837209303,0.27906976744186046
17822,0.0,0.3097314845382662,655.261882064098,202.9552354930514,High,329,5,2188.5,12.434659090909092,470,7.892045454545454,152,4.656382978723404,0.3191489361702128
16741,0.0,0.13545448268960594,262.7187417151215,35.586431251885976,Low,534,1,173.06,15.732727272727272,534,7.363636363636363,11,0.3240823970037453,0.056179775280898875
18099,0.0,0.4888648164543805,251.66536772755947,123.03034380205754,Medium,36,1,168.31,8.858421052631579,36,7.842105263157895,19,4.675277777777778,0.8333333333333334
16863,338.55,0.3348470782357535,335.0726450557545,112.19809619364509,Medium,276,2,659.97,16.922307692307694,319,11.307692307692308,27,2.068871473354232,0.18808777429467086
14913,310.2800000000001,0.7813595978654662,662.3406578685134,517.5262300820899,Top,92,7,3762.85,16.949774774774774,395,16.0990990990991,161,9.52620253164557,0.5316455696202532
15723,0.0,0.35806331557441345,370.2057714632656,132.55710597492046,High,274,4,947.65,7.346124031007752,483,3.441860465116279,108,1.962008281573499,0.24844720496894407
17318,0.0,0.1385885089119922,241.78142182658343,33.5081267335676,Low,634,1,164.28,9.126666666666667,634,3.3333333333333335,17,0.2591167192429022,0.04731861198738171
14908,277.80000000000007,0.13163139203153837,212.38537139258761,27.956582083541573,Low,372,1,104.10000000000001,20.82,372,10.0,5,0.27983870967741936,0.08064516129032258
13787,202.64000000000007,0.3386130696192006,300.72031063604,101.82782748130904,Medium,273,5,1019.86,16.449354838709677,604,11.564516129032258,56,1.6885099337748344,0.24834437086092717
14694,0.0,0.13456861775482515,288.0080766533237,38.7568487774635,Low,526,1,244.31,16.287333333333333,526,12.866666666666667,15,0.464467680608365,0.05703422053231939
15133,0.0,0.5751987333058719,563.4107299352864,324.07313818971346,High,37,5,1806.9,36.875510204081635,430,19.591836734693878,45,4.202093023255814,0.3488372093023256
14773,0.0,0.13743348930177485,258.9070895286065,35.582504718883406,Low,502,1,140.55,14.055000000000001,502,5.3,10,0.2799800796812749,0.0597609561752988
13660,0.0,0.2766045297968643,291.11936118894124,80.52493401643059,Medium,309,1,314.59,7.672926829268292,309,3.341463414634146,39,1.0180906148867312,0.0970873786407767
16673,0.0,0.13545448268960594,270.14216314528966,36.59196696149634,Low,588,1,188.83,9.441500000000001,588,5.05,19,0.32113945578231295,0.0510204081632653
15688,0.0,0.23074358258807628,242.5657225057885,55.9704838240508,Low,328,1,190.57,7.058148148148148,328,3.5185185185185186,26,0.5810060975609755,0.09146341463414634
13507,456.3700000000002,0.7856084534225897,938.7473270981551,737.4878357961716,Top,7,3,2022.79,15.803046875,55,9.46875,123,36.778,1.6363636363636365
17361,224.27999999999994,0.4081912814926587,233.13654156617338,95.16430366466281,Medium,95,4,656.36,14.268695652173914,585,6.282608695652174,41,1.121982905982906,0.20512820512820512
15462,0.0,0.5106317492608585,298.8532259374941,152.60394553271317,High,3,4,737.05,17.976829268292683,355,12.073170731707316,32,2.0761971830985915,0.3380281690140845
17259,0.0,0.5972262426765235,520.1725689311578,310.6607088861503,High,57,6,1889.34,5.725272727272727,564,3.5090909090909093,179,3.3498936170212765,0.3191489361702127
15954,0.0,0.13743348930177485,278.07866973995186,38.21732188275745,Low,498,1,190.75,9.5375,498,5.95,20,0.3830321285140562,0.06024096385542168
14239,499.9600000000001,0.8391471137138652,633.1833900286555,531.3340141941068,Top,4,19,3763.21,19.911164021164023,644,8.142857142857142,91,5.843493788819876,0.8850931677018634
17307,0.0,0.45849579706794696,828.7955738033944,379.99928721737376,Top,304,11,3999.8900000000003,83.33104166666668,598,76.39583333333333,22,6.688779264214047,0.5518394648829431
15303,0.0,0.30845855252547905,414.14090028880554,127.7453026446837,Medium,199,3,1224.18,17.741739130434784,593,7.449275362318841,63,2.0643844856661047,0.15177065767284992
15051,1013.8700000000001,0.7051868183750922,549.5113301826451,387.5081465925643,Top,59,7,2921.29,16.139723756906076,647,13.220994475138122,133,4.515131375579598,0.32457496136012365
15955,1952.6099999999997,0.8309903693575276,1106.2621596032952,919.2932006149985,Top,16,16,6705.75,25.021455223880597,563,11.869402985074627,153,11.910746003552397,0.852575488454707
16126,2581.0700000000006,0.8283513422013279,1870.769183681074,1549.6541642511002,Top,11,14,12065.73,35.59212389380531,646,15.047197640117995,133,18.677600619195047,0.6501547987616099
13593,0.0,0.8085592893739654,928.7801285705333,750.9738007416506,Top,17,14,5523.6900000000005,13.472414634146343,556,5.341463414634147,212,9.934694244604318,0.7553956834532374
15925,0.0,0.31330406231789554,268.2940065361606,84.05760214332314,Medium,103,1,207.15,17.2625,103,7.75,12,2.011165048543689,0.29126213592233013
13045,0.0,0.3797163276535242,312.4147164386799,118.62896883101261,Medium,8,3,808.92,17.976,395,9.0,41,2.047898734177215,0.2278481012658228
14615,0.0,0.3082896987690416,352.7090049035438,108.73655287484195,Medium,303,5,951.76,19.828333333333333,457,10.3125,40,2.0826258205689276,0.3282275711159738
15186,182.14999999999998,0.39724397080989154,366.38417395953513,145.5439041055878,High,77,4,1221.05,28.396511627906975,606,15.418604651162791,26,2.0149339933993398,0.19801980198019803
16732,603.7500000000001,0.37760299927413116,922.7416878324498,348.4300288808071,Top,312,3,3783.89,19.605647668393782,640,10.865284974093264,177,5.912328125,0.140625
16717,2298.7199999999993,0.8088086266851556,803.9103783289429,650.2096490741762,Top,5,12,4687.51,18.23933852140078,641,8.233463035019454,190,7.312808112324493,0.5616224648985959
14895,5057.000000000002,0.840575793966976,2720.6252289569084,2286.891711917039,Top,19,28,20062.54,29.11834542815675,638,12.030478955007258,363,31.445987460815047,1.316614420062696
14937,862.32,0.48333164564435527,604.0869430719949,291.97433630725527,High,39,1,759.56,58.427692307692304,39,13.23076923076923,13,19.475897435897433,0.7692307692307692
16114,0.0,0.3182128292586702,218.0758275239977,69.3945260693371,Low,80,1,135.75000000000003,16.968750000000004,80,5.375,8,1.6968750000000004,0.375
18276,335.86000000000007,0.34639574585916977,379.72806044231453,131.53618472057144,Medium,302,5,1320.66,16.50825,638,13.25,69,2.0700000000000003,0.23510971786833856
15571,650.4299999999998,0.5861155229612919,606.7804826044843,355.6434598844324,Top,295,10,3401.2,5.884429065743944,643,3.878892733564014,410,5.289580093312597,0.4665629860031104
18129,0.0,0.24770156529145892,146.65797509968502,36.32740999466778,Low,152,1,112.55000000000001,8.039285714285715,152,3.4285714285714284,13,0.7404605263157895,0.19736842105263158
17241,0.0,0.4927509962486587,478.75014049100855,235.9046086811298,High,294,12,2744.14,16.047602339181285,571,5.058479532163743,116,4.80584938704028,0.6304728546409807
15532,355.1399999999999,0.7913758140187782,529.6826846863294,419.17806576529574,Top,40,9,3416.76,5.952543554006969,458,2.0958188153310107,386,7.460174672489083,0.5895196506550218
16459,0.0,0.13852556892624304,177.3729295623074,24.570685979733067,Low,639,1,71.78999999999999,14.357999999999999,639,11.8,5,0.11234741784037558,0.046948356807511735
15173,0.0,0.45931850105780025,374.6103965473445,172.06548582279444,High,290,7,1494.6,17.37906976744186,527,9.767441860465116,68,2.836053130929791,0.3984819734345351
17715,0.0,0.2488121593972178,262.8995621266283,65.4126077573094,Low,110,2,489.59999999999997,244.79999999999998,502,288.0,1,0.9752988047808764,0.1195219123505976
13592,42.45000000000001,0.374421881606299,145.48728199990674,54.473621876191324,Low,115,3,205.51,15.808461538461538,173,5.461538461538462,12,1.1879190751445086,0.5202312138728323
17134,0.0,0.40415109186852455,320.91971066637933,129.70005146794819,Medium,16,3,637.1,17.21891891891892,351,4.0,31,1.8150997150997152,0.25641025641025644
13818,0.0,0.18142297104137325,176.53423634791284,32.027365648758334,Low,339,1,61.28,12.256,339,12.0,5,0.1807669616519174,0.08849557522123894
14430,0.0,0.2044954959810403,414.82651452190646,84.83015383324349,Medium,421,3,1220.9,34.88285714285715,516,12.742857142857142,29,2.3660852713178295,0.1744186046511628
15432,171.19000000000008,0.13743348930177485,317.8724533714726,43.6863204197572,Low,450,1,149.57,24.92833333333333,450,4.5,6,0.33237777777777777,0.06666666666666667
17644,1270.01,0.836716473324931,776.9640251676485,650.0985990386179,Top,29,16,4758.59,18.372934362934362,571,9.938223938223938,122,8.333782837127846,0.8406304728546409
13551,0.0,0.23848613231493154,176.16419741515182,42.012718093903615,Low,228,2,244.2,48.839999999999996,575,7.2,5,0.42469565217391303,0.10434782608695652
13733,0.0,0.2925551349048323,300.5629302823985,87.9312286161588,Medium,320,2,487.03000000000003,16.794137931034484,644,11.551724137931034,28,0.7562577639751553,0.09316770186335405
13623,195.86,0.6678566784282208,415.4598409234537,277.4676293794548,High,119,9,2370.63,8.620472727272727,646,3.1963636363636363,198,3.6697058823529414,0.41795665634674917
16140,601.0400000000001,0.30021555587379334,409.502871559131,122.9391322170391,Medium,280,2,956.5600000000001,22.24558139534884,351,17.441860465116278,33,2.7252421652421654,0.17094017094017094
17207,0.0,0.1587948614635966,281.3195794290629,44.6721036424353,Low,561,1,303.21999999999997,4.525671641791044,561,3.5970149253731343,55,0.5404991087344028,0.053475935828877004
14778,0.0,0.5648060801873361,370.91413102277306,209.49455642906446,High,36,2,730.86,20.881714285714285,218,8.742857142857142,34,3.3525688073394497,0.27522935779816515
14833,0.0,0.12774432216232598,193.585193316944,24.729409300935846,Low,408,1,94.8,13.542857142857143,408,8.285714285714286,7,0.23235294117647057,0.07352941176470588
15886,181.08999999999997,0.3124877071761109,380.88630938723395,119.02228951518755,Medium,326,3,871.78,17.4356,507,10.4,47,1.7194871794871793,0.1775147928994083
12463,358.9900000000001,0.5483790619164239,474.9738881092274,260.46573519613463,High,84,3,985.79,16.16049180327869,151,9.459016393442623,51,6.5284105960264895,0.5960264900662252
16551,0.0,0.6088574028339514,431.2790080984749,262.5874167676401,High,5,7,2237.12,25.421818181818182,635,23.59090909090909,67,3.5230236220472437,0.3307086614173228
17561,167.62000000000006,0.35938895128507065,253.4322603325809,91.08075426273126,Medium,300,3,554.72,3.5332484076433124,642,1.5923566878980893,129,0.8640498442367601,0.14018691588785048
12870,0.0,0.350303754989002,572.4406565131856,200.52811148493842,High,284,3,1676.95,18.031720430107526,533,9.741935483870968,85,3.1462476547842404,0.16885553470919326
15132,135.70000000000005,0.6270499791442875,403.63356297099165,253.09841724289478,High,15,3,842.23,17.546458333333334,172,13.1875,47,4.896686046511628,0.5232558139534884
15347,0.0,0.4507334608417526,439.97007298314963,198.3092336624935,High,275,4,1363.6,33.25853658536585,347,16.390243902439025,29,3.9296829971181553,0.345821325648415
14627,0.0,0.29072855929746405,336.98606005232307,97.97147174234058,Medium,288,1,462.75,15.956896551724139,288,9.793103448275861,29,1.6067708333333333,0.10416666666666667
14534,1411.3600000000006,0.8423849565128936,955.0873451869345,804.5512117413108,Top,5,22,4859.75,8.045943708609272,543,3.7980132450331126,385,8.949815837937384,1.2154696132596685
16870,0.0,0.23169341900299492,352.7053783729642,81.71951501597707,Medium,378,1,450.15999999999997,16.077142857142857,378,9.928571428571429,28,1.190899470899471,0.07936507936507936
17522,158.45999999999992,0.6575817905529665,452.5826522704925,297.61011085324105,High,48,4,912.25,13.615671641791044,127,13.91044776119403,54,7.183070866141732,0.9448818897637795
15053,219.18999999999997,0.5084808468041512,323.89427493227157,164.694035192578,High,65,2,478.6,11.965,191,12.85,28,2.505759162303665,0.31413612565445026
15240,661.1899999999999,0.8006508021807148,654.5146216982556,524.0376569017154,Top,101,10,3798.79,20.206329787234043,643,13.829787234042554,108,5.90791601866252,0.4665629860031104
16712,1145.5700000000002,0.8233226353981581,662.1451935169748,545.159125742619,Top,4,10,3121.42,8.214263157894736,310,3.963157894736842,217,10.069096774193548,0.9677419354838709
16107,1710.0400000000006,0.6951247579480968,953.1948294438743,662.5893250945505,Top,12,3,1494.1200000000001,83.00666666666667,92,27.77777777777778,16,16.2404347826087,0.9782608695652173
17084,2949.75,0.35218483800660955,938.7730368006453,330.6216298906082,High,305,1,2253.22,17.06984848484848,305,11.181818181818182,132,7.387606557377048,0.09836065573770493
14263,0.0,0.26580345795193516,361.73409114955757,96.1501722866529,Medium,332,1,322.93,20.183125,332,10.6875,16,0.9726807228915663,0.09036144578313253
17759,667.8400000000004,0.4258005225622972,240.84875980784713,102.55352778466252,Medium,78,4,609.07,9.984754098360657,493,5.655737704918033,56,1.2354361054766736,0.2434077079107505
12577,461.91000000000014,0.47889352714381284,389.16528180560715,186.3687344458031,High,268,6,1191.84,5.368648648648648,645,3.869369369369369,195,1.847813953488372,0.27906976744186046
17411,493.35999999999984,0.3004271848497894,306.3056243308135,92.02253642136345,Medium,170,3,932.02,18.6404,646,8.56,46,1.4427554179566564,0.1393188854489164
17743,0.0,0.3691242888877452,441.6210169332709,163.01304383337649,High,357,1,229.2,76.39999999999999,357,32.0,3,0.642016806722689,0.08403361344537814
13626,0.0,0.34453393514683384,324.24989436493394,111.71509207649586,Medium,162,2,707.04,16.069090909090907,288,9.045454545454545,44,2.455,0.20833333333333334
15866,0.0,0.6956532269640098,451.97387914382546,314.4170875298435,High,10,1,230.53,5.122888888888889,10,2.8,43,23.053,3.0
12728,219.01999999999995,0.41190111671920876,338.8110097355602,139.55663326683995,High,166,4,851.15,17.732291666666665,293,7.916666666666667,39,2.9049488054607506,0.40955631399317405
15583,0.0,0.2267375343290959,176.2225507190231,39.95626664321534,Low,285,1,107.86,2.344782608695652,285,1.3695652173913044,37,0.3784561403508772,0.10526315789473684
17034,603.7199999999999,0.3348470782357535,320.2876534662,107.24738495814259,Medium,197,3,680.2,19.434285714285714,422,11.085714285714285,31,1.6118483412322275,0.2132701421800948
12695,248.2,0.4442491812670247,350.8239187573391,155.85323867683707,High,16,5,1158.92,22.723921568627453,574,7.96078431372549,41,2.0190243902439025,0.2613240418118467
15230,0.0,0.3583230774042133,321.60904325049444,115.2399420985419,Medium,148,2,429.6,18.678260869565218,150,15.26086956521739,23,2.8640000000000003,0.4
13676,0.0,0.13743348930177485,193.77510232887312,26.63118845286551,Low,448,2,243.9,18.76153846153846,528,8.0,13,0.46193181818181817,0.11363636363636363
17104,0.0,0.29072855929746405,387.25204254704624,112.58522841470301,Medium,333,1,474.03,24.948947368421052,333,7.842105263157895,19,1.4235135135135135,0.0900900900900901
14744,171.95,0.5750879754831408,587.3483484805381,337.776972631039,Top,207,12,3713.13,33.15294642857143,479,21.776785714285715,53,7.751837160751566,0.7515657620041754
13928,239.12,0.5812181649583418,401.03564298282646,233.0892004973671,High,16,2,225.45000000000002,17.342307692307692,42,6.6923076923076925,13,5.367857142857143,1.4285714285714286
17543,0.0,0.13743348930177485,245.67143342437177,33.763482317280086,Low,459,1,120.05,9.234615384615385,459,4.769230769230769,13,0.26154684095860564,0.06535947712418301
12955,2913.799999999999,0.7468737700628576,753.294573085729,562.6159577684292,Top,2,6,1843.36,22.48,177,18.609756097560975,42,10.414463276836157,1.0169491525423728
16326,1572.9899999999996,0.8382741790349585,539.0272167499028,451.8525975985234,Top,6,18,3254.0,10.137071651090343,589,2.2803738317757007,185,5.524617996604414,0.9168081494057725
16554,522.99,0.5425154865726112,434.50905448673126,235.72789111507421,High,131,7,2318.73,17.04948529411765,634,7.889705882352941,90,3.6573028391167193,0.3312302839116719
15283,0.0,0.23424790613038007,151.82813373095743,35.56542241816011,Low,299,3,148.33,16.48111111111111,427,3.0,9,0.3473770491803279,0.2107728337236534
13380,0.0,0.1870705273477569,193.6870073320221,36.23313060201023,Low,342,1,62.4,20.8,342,16.0,3,0.18245614035087718,0.08771929824561403
13839,0.0,0.12774432216232598,284.0184532606925,36.28174479337943,Low,395,1,139.95000000000002,19.992857142857144,395,3.5714285714285716,7,0.3543037974683545,0.0759493670886076
16932,161.94000000000005,0.26108322999105094,205.696836205357,53.703994395434755,Low,332,2,278.77,3.0634065934065933,480,1.5604395604395604,77,0.5807708333333333,0.125
17006,781.7800000000001,0.3582408363243657,313.3793937807359,112.26529611483355,Medium,301,4,854.54,9.936511627906976,553,3.5,77,1.545280289330922,0.21699819168173598
17477,0.0,0.17355157019077258,406.8289842300098,70.60580901223526,Medium,522,2,1144.3,26.00681818181818,557,5.113636363636363,44,2.0543985637342908,0.10771992818671454
17088,591.9000000000002,0.5536569855811714,718.3450468779176,397.7167532615931,Top,92,2,1399.1100000000001,18.17025974025974,163,6.818181818181818,72,8.583496932515338,0.36809815950920244
14101,1032.4,0.7283555666844382,1852.5676372092835,1349.3279512208185,Top,52,12,8929.53,105.05329411764707,530,117.71764705882353,19,16.848169811320755,0.6792452830188679
16105,0.0,0.5982874937052178,661.9059966211247,396.01007978690706,Top,158,5,2386.19,21.692636363636364,513,19.318181818181817,92,4.651442495126706,0.29239766081871343
18114,0.0,0.28540576567657183,242.7587657802147,69.28475142220174,Low,199,1,220.1,7.860714285714286,199,1.9642857142857142,28,1.1060301507537689,0.1507537688442211
18208,0.0,0.15677814631759626,366.51239380673445,57.46113370344467,Low,475,1,360.08,21.181176470588234,475,4.823529411764706,17,0.7580631578947368,0.06315789473684211
12693,0.0,0.6689739457416448,464.30995431013974,310.611262181977,High,36,7,1703.02,21.557215189873418,431,6.784810126582278,63,3.951322505800464,0.4872389791183295
14643,0.0,0.4371842886910049,462.75246826665216,202.30810867916313,High,79,5,1679.89,27.095000000000002,638,22.20967741935484,57,2.6330564263322884,0.23510971786833856
18062,0.0,0.5723911493733154,470.1868027266022,269.1307644328441,High,82,6,1632.67,30.23462962962963,507,15.38888888888889,46,3.22025641025641,0.3550295857988166
13288,0.0,0.35559330197412237,373.6655576301163,132.87296947169477,High,352,5,927.61,92.761,575,37.9,7,1.6132347826086957,0.2608695652173913
18236,241.0499999999999,0.701898863801668,353.8830502543677,248.39011089220924,High,38,10,1554.3,18.285882352941176,512,7.094117647058823,72,3.0357421875,0.5859375
18039,0.0,0.4722386338529353,257.0171066948164,121.3734073423942,Medium,283,4,579.17,3.4474404761904758,550,3.392857142857143,137,1.0530363636363635,0.2181818181818182
13770,0.0,0.3322836540516762,259.89020078235234,86.35726556818383,Medium,331,4,785.37,16.361875,639,9.75,48,1.2290610328638498,0.18779342723004694
14281,0.0,0.26897511407206515,266.8655171912764,71.78018292842424,Medium,317,1,245.15,35.02142857142857,317,6.428571428571429,7,0.7733438485804417,0.09463722397476342
14568,0.0,0.2973573155519159,457.8294785155198,136.13894471190852,High,344,1,919.7,19.56808510638298,344,13.72340425531915,47,2.673546511627907,0.0872093023255814
15799,402.9000000000001,0.5167553213215089,422.1224104057516,218.13400182623403,High,94,3,1021.39,10.865851063829787,327,9.851063829787234,91,3.1235168195718654,0.27522935779816515
17747,0.0,0.32107421007970927,138.96077926042437,44.6167224331016,Low,22,1,71.4,71.4,22,12.0,1,3.2454545454545456,1.3636363636363638
13489,0.0,0.5809250927908529,249.98689785124347,145.2236618307311,High,14,4,449.52,32.10857142857143,204,40.0,11,2.203529411764706,0.5882352941176471
15506,769.9099999999997,0.6174178118035797,440.1916158627002,271.78214424023025,High,48,4,1270.12,7.605508982035928,387,5.658682634730539,114,3.2819638242894054,0.31007751937984496
12555,0.0,0.13545448268960594,357.7409297464281,48.45761257570108,Low,591,1,129.23,129.23,591,1.0,1,0.218663282571912,0.050761421319796954
12621,3494.6300000000015,0.8588617490696168,3380.103333815326,2903.0414613166736,Top,9,30,21281.18,32.79072419106318,578,18.385208012326657,297,36.818650519031145,1.5570934256055364
17435,0.0,0.26580345795193516,350.182739901147,93.07978318080796,Medium,320,1,331.35,22.09,320,13.0,15,1.0354687500000002,0.09375
15142,498.74,0.42959964415151175,743.8352077058245,319.551340537788,High,319,5,2121.18,18.28603448275862,410,15.431034482758621,97,5.1736097560975605,0.36585365853658536
17848,79.60000000000002,0.8441759938852469,596.0146292581451,503.14124202414155,Top,37,29,3571.3,21.38502994011976,642,8.562874251497005,105,5.562772585669782,1.355140186915888
12444,2378.1900000000005,0.7689869388258533,856.6451119801462,658.748902321743,Top,31,2,2627.27,25.021619047619048,80,6.190476190476191,96,32.840875,0.75
14645,0.0,0.35017484348128036,363.27394892813663,127.20939820673688,Medium,66,3,876.89,18.268541666666668,544,12.229166666666666,45,1.6119301470588234,0.16544117647058823
15371,0.0,0.13262452160339566,218.70687239517002,29.005894322784325,Low,571,1,59.400000000000006,59.400000000000006,571,12.0,1,0.10402802101576183,0.052539404553415055
17567,1406.03,0.8168654780395754,803.8969921114245,656.6757007556756,Top,2,7,3950.0,22.191011235955056,351,12.814606741573034,105,11.253561253561253,0.5982905982905983
17069,1213.9100000000005,0.8029183336517531,803.1729588869955,644.8822937836944,Top,64,10,4580.37,19.828441558441558,646,10.991341991341992,165,7.090356037151703,0.46439628482972134
18176,0.0,0.29423076480751365,336.20086914883456,98.9206388586124,Medium,267,1,476.35,15.878333333333334,267,9.433333333333334,30,1.7840823970037454,0.11235955056179775
13581,0.0,0.30167489525074775,175.96468533003613,53.08412801476944,Low,218,2,280.53000000000003,8.500909090909092,323,3.606060606060606,32,0.868513931888545,0.18575851393188852
14038,473.9599999999999,0.4518469500672128,640.1718729372466,289.2597083055102,High,53,4,2595.92,19.372537313432836,583,10.776119402985074,88,4.4526929674099485,0.2058319039451115
18243,0.0,0.29072855929746405,421.5260313170363,122.54965579117967,Medium,323,1,515.78,19.837692307692308,323,8.5,26,1.5968421052631578,0.09287925696594426
13870,591.47,0.8106450007758929,987.0123860594929,800.1166564630134,Top,11,12,5120.61,23.92808411214953,579,14.869158878504672,152,8.843886010362693,0.6217616580310881
15332,0.0,0.5391906981703976,1316.172488482889,709.6679629777585,Top,275,6,6553.74,34.675873015873016,422,15.65079365079365,113,15.530189573459715,0.4265402843601896
16136,550.0800000000003,0.268120070030227,253.25178757639205,67.90188702026241,Low,187,2,396.72,23.336470588235297,573,17.647058823529413,17,0.6923560209424084,0.10471204188481674
14444,0.0,0.13793818327571067,239.3534673808379,33.01598245125486,Low,365,1,132.04,10.156923076923077,365,13.846153846153847,11,0.36175342465753424,0.08219178082191782
14233,503.6200000000001,0.5462903090102229,573.2029059126838,313.1351925965978,High,121,6,2400.65,41.390517241379314,553,17.086206896551722,30,4.34113924050633,0.325497287522604
14762,0.0,0.2657622211203555,234.8322201014085,62.409532404774524,Low,173,2,417.57,13.919,535,14.266666666666667,28,0.7805046728971963,0.11214953271028039
14366,0.0,0.1361570265406454,328.1191861466071,44.67573273665855,Low,434,1,136.0,136.0,434,16.0,1,0.31336405529953915,0.06912442396313365
17007,314.49,0.6127356639678119,249.78439933244516,153.05180977376685,High,64,6,805.61,16.783541666666668,346,9.708333333333334,47,2.3283526011560696,0.5202312138728323
16957,0.0,0.30198171455093736,325.9181397489667,98.42131864464498,Medium,148,2,416.64,26.04,191,10.75,15,2.1813612565445024,0.31413612565445026
14257,373.88000000000017,0.7855155436053338,1035.9037763141796,813.7185179742509,Top,32,8,5580.57,23.84858974358974,557,12.76923076923077,163,10.018976660682226,0.43087971274685816
13825,0.0,0.14629728974766887,197.32871784866683,28.868656610642407,Low,531,2,255.59,6.38975,639,4.55,38,0.39998435054773085,0.09389671361502347
12967,0.0,0.5075383333565782,1189.5394622513948,603.7368761329532,Top,267,3,4306.92,53.8365,293,15.9,47,14.699385665529011,0.3071672354948805
15766,315.05999999999995,0.1731580209983711,300.659999019576,52.06169042360197,Low,365,2,516.0,34.4,591,10.933333333333334,15,0.8730964467005076,0.10152284263959391
14472,0.0,0.7713853336015398,380.1622816404677,293.25160844595473,High,13,9,2228.22,6.691351351351351,598,3.918918918918919,173,3.726120401337792,0.451505016722408
12748,19823.469999999998,0.8503729996065227,7041.76048692023,5988.122987773043,Top,2,258,36775.92,7.932683347713546,644,4.809534081104401,1826,57.10546583850931,12.018633540372672
17138,0.0,0.527737368711348,854.6312334480665,451.0208383584164,Top,185,7,4417.27,17.2549609375,582,7.90625,234,7.589810996563575,0.3608247422680413
14259,0.0,0.5121942226194672,192.05278615192216,98.36832750498655,Medium,51,1,120.0,24.0,51,13.6,5,2.3529411764705883,0.5882352941176471
18182,0.0,0.16157359386738854,376.0920296351133,60.76654085302565,Low,372,1,291.13,29.113,372,16.7,10,0.7826075268817204,0.08064516129032258
14389,732.3199999999999,0.4008431573139793,368.69348828426644,147.78826192497,High,100,4,1165.69,19.10967213114754,499,13.901639344262295,40,2.336052104208417,0.2404809619238477
13777,13616.919999999991,0.7972713292824916,12273.732349034306,9785.4949051721,Top,38,52,42861.5,136.93769968051117,647,63.27156549520767,44,66.24652241112828,2.41112828438949
15661,0.0,0.44360426346487075,322.7530927754964,143.17464800168318,High,226,8,1215.95,27.635227272727274,488,17.704545454545453,27,2.4917008196721313,0.49180327868852464
13661,0.0,0.14888037276986052,366.51239380673445,54.566501814720546,Low,512,1,325.24,19.131764705882354,512,6.9411764705882355,17,0.635234375,0.05859375
17471,0.0,0.1459559384344973,349.2748180928962,50.97873384628701,Low,384,1,321.65000000000003,16.928947368421053,384,8.052631578947368,19,0.8376302083333335,0.078125
14260,0.0,0.26411766524246616,343.10967266846194,90.62132566730097,Medium,380,3,824.28,16.16235294117647,458,10.666666666666666,50,1.7997379912663756,0.1965065502183406
17487,0.0,0.14146091144602937,265.85820051183583,37.60854335980553,Low,637,1,160.55,20.06875,637,4.625,8,0.25204081632653064,0.04709576138147566
15406,258.4199999999999,0.41106537389642606,340.34643538344295,139.9046347152108,High,210,3,717.45,6.405803571428572,362,3.7767857142857144,101,1.9819060773480663,0.24861878453038674
13381,1177.9800000000002,0.8103699900592695,1084.3515130748267,878.7259248712011,Top,22,10,7046.39,23.48796666666667,647,14.49,148,10.890865533230293,0.46367851622874806
13007,0.0,0.13743348930177485,262.7187417151215,36.1063533788809,Low,489,1,175.25,15.931818181818182,489,5.363636363636363,11,0.35838445807770963,0.06134969325153374
16813,505.34,0.7688389744966706,855.6125046488978,657.8282406407864,Top,6,7,1187.64,3.336067415730337,113,3.3342696629213484,200,10.510088495575221,1.8584070796460177
18132,0.0,0.1514563227842312,296.53237791720585,44.91170354580397,Low,413,1,226.9,3.437878787878788,413,3.272727272727273,60,0.5493946731234867,0.07263922518159806
13687,0.0,0.3263918751940773,5465.776546043288,1783.9850562548759,Top,347,1,11880.84,264.01866666666666,347,1937.0444444444445,45,34.23873198847262,0.08645533141210375
16884,429.84000000000003,0.2507633499848149,317.32747155174326,79.5740998085262,Medium,466,2,644.08,13.144489795918368,480,4.1020408163265305,39,1.3418333333333334,0.125
16518,293.6200000000001,0.3362065893655381,273.0332625720637,91.79558199269896,Medium,193,3,665.75,17.07051282051282,465,8.23076923076923,39,1.4317204301075268,0.1935483870967742
16045,0.0,0.7965835606387032,626.7541414909782,499.262045673937,Top,29,8,3434.9300000000003,23.208986486486488,408,14.243243243243244,111,8.418946078431373,0.5882352941176471
14024,0.0,0.5555384970206464,326.02201786168155,181.1177817985169,High,31,3,645.74,18.99235294117647,300,7.0,33,2.1524666666666668,0.3
12459,0.0,0.1598768754436069,390.3013864970156,62.40016615445044,Low,514,1,454.36,19.754782608695653,514,11.217391304347826,23,0.8839688715953308,0.058365758754863814
13111,0.0,0.1301680243383224,399.06481530241774,51.94547859085324,Low,628,1,321.88000000000005,26.823333333333338,628,15.0,12,0.5125477707006371,0.04777070063694267
16294,0.0,0.12774432216232598,249.2889788721242,31.845251628557907,Low,386,1,126.05000000000001,15.756250000000001,386,6.75,8,0.32655440414507775,0.07772020725388601
14009,0.0,0.4166650722561263,418.0558227230187,174.18925958198093,High,107,3,1099.91,14.863648648648649,372,12.85135135135135,71,2.9567473118279572,0.24193548387096772
13103,243.94,0.29148430680720444,300.3864127900328,87.55792530640548,Medium,347,2,465.70000000000005,18.628,486,13.76,21,0.9582304526748973,0.1234567901234568
14020,642.8000000000002,0.19905329289325696,336.98756911262245,67.07848529596151,Low,385,2,606.21,18.37,438,6.2727272727272725,29,1.384041095890411,0.136986301369863
15718,0.0,0.1509436958868176,282.17148161227635,42.59200630841619,Low,449,1,293.79,16.32166666666667,449,5.277777777777778,18,0.6543207126948776,0.06681514476614699
13631,0.0,0.7985740077759297,1008.7453299629095,805.5578009737333,Top,9,11,3070.42,279.1290909090909,176,42.45454545454545,6,17.44556818181818,1.8750000000000002
17932,397.0600000000002,0.56909731756105,507.6749051587578,288.9164267189095,High,83,2,934.51,14.60171875,120,9.265625,63,7.787583333333333,0.5
14302,0.0,0.3180174060575281,318.8106018092662,101.3873206110223,Medium,340,3,742.9000000000001,26.532142857142862,647,10.642857142857142,25,1.14822256568779,0.1391035548686244
15090,0.0,0.28037590520378675,322.22052380907303,90.34287103820716,Medium,217,1,381.32,16.57913043478261,217,9.043478260869565,23,1.7572350230414746,0.1382488479262673
12796,0.0,0.16003552043399338,458.98739484040914,73.45428660592769,Medium,537,1,381.0,54.42857142857143,537,26.0,7,0.7094972067039106,0.0558659217877095
17944,0.0,0.20333441456808707,182.96446860830113,37.20297311123006,Low,332,1,75.41,2.900384615384615,332,3.269230769230769,24,0.22713855421686746,0.09036144578313253
18037,0.0,0.5740481880891697,141.62033753242076,81.29689815706277,Medium,63,15,167.42,5.073333333333333,647,1.121212121212121,31,0.2587635239567233,0.6955177743431221
16850,0.0,0.26421098840187546,331.81662207548646,87.66959768673584,Medium,243,1,332.41,17.495263157894737,243,13.105263157894736,19,1.367942386831276,0.1234567901234568
13181,0.0,0.26580345795193516,325.483066123381,86.51452448039304,Medium,290,1,359.69,18.931052631578947,290,9.0,19,1.2403103448275863,0.10344827586206898
17749,0.0,0.40501302919935006,362.8104477778457,146.94295847967788,High,87,3,1026.18,18.003157894736844,455,7.824561403508772,52,2.2553406593406593,0.19780219780219782
16258,1462.4499999999996,0.816791702123207,1855.0993928685275,1515.2297907088123,Top,36,14,10480.07,35.168020134228186,548,21.983221476510067,216,19.12421532846715,0.7664233576642336
17400,0.0,0.7097563141303886,767.3309752185521,544.6180046891961,Top,35,8,4677.05,9.723596673596674,631,4.571725571725572,345,7.412123613312203,0.38034865293185416
13951,0.0,0.5629358770114186,321.7380678035375,181.1179013669436,High,85,3,674.45,17.293589743589745,203,11.76923076923077,38,3.3224137931034483,0.4433497536945813
15803,415.82000000000016,0.3699539882531544,503.33818044139514,186.21196729438,High,354,3,1513.84,35.20558139534884,585,17.209302325581394,42,2.5877606837606835,0.15384615384615385
12521,0.0,0.6174095983385965,570.3277281068434,352.1258135318105,Top,52,1,599.68,15.781052631578946,52,8.131578947368421,38,11.532307692307691,0.5769230769230769
14935,0.0,0.344026049408262,1078.1925251148336,370.9263149167745,Top,206,2,2849.83,109.60884615384614,529,74.26923076923077,25,5.387202268431002,0.11342155009451796
14481,0.0,0.4936191243144607,578.5920187678512,285.60408563952274,High,74,5,2311.4900000000002,15.20717105263158,587,10.421052631578947,114,3.9378023850085184,0.2555366269165247
17011,270.9,0.16230623705604513,282.8094611810258,45.90173944813997,Low,556,2,400.8,30.83076923076923,561,46.61538461538461,12,0.7144385026737968,0.10695187165775401
17346,1410.35,0.8340306659088282,693.2690173236012,578.2076201723621,Top,12,19,3912.65,5.061642949547219,510,3.8240620957309184,402,7.671862745098039,1.1176470588235294
16138,0.0,0.325910784994016,380.2031087627321,123.91229363402725,Medium,288,3,910.35,24.604054054054053,500,20.91891891891892,35,1.8207,0.18
14504,130.55,0.43030301979184377,348.0912448417506,149.78471381850736,High,152,3,542.71,5.653229166666667,187,2.7395833333333335,81,2.902192513368984,0.48128342245989303
14001,733.9400000000004,0.5975089071261466,650.6981553399766,388.7979436661889,Top,142,8,3796.15,39.13556701030928,403,15.907216494845361,48,9.419727047146402,0.5955334987593052
13648,0.0,0.49446406676398824,411.8524401668047,203.64623247155038,High,309,8,1764.02,16.641698113207546,647,9.056603773584905,95,2.7264605873261205,0.37094281298299847
15761,0.0,0.24544518837858767,335.94707413791923,82.45659289701695,Medium,352,1,143.05,28.610000000000003,352,6.2,5,0.4063920454545455,0.08522727272727273
13798,7992.709999999997,0.8591963281998182,17727.013349051846,15230.984779454508,Top,2,95,67844.16,107.34835443037976,640,67.56803797468355,154,106.0065,4.453125
12691,479.5,0.575478484809304,274.00963629308995,157.68665031709588,High,54,5,690.9,24.675,330,8.892857142857142,20,2.0936363636363637,0.45454545454545453
15226,0.0,0.2217150794341833,204.51743931622556,45.34460030367271,Low,220,1,154.41,19.30125,220,8.875,8,0.7018636363636364,0.13636363636363638
17180,231.16999999999993,0.6634084575605775,403.082091549786,267.40806862533503,High,150,10,2025.81,5.373501326259947,596,4.440318302387268,179,3.399010067114094,0.5033557046979865
13268,1064.44,0.7770347627135616,761.8275987792399,591.9665274460691,Top,79,6,2150.25,7.1675,176,8.393333333333333,206,12.217329545454545,1.0227272727272727
18119,0.0,0.2836580872045721,301.3008028616031,85.4664094129242,Medium,277,1,362.24,6.037333333333334,277,4.166666666666667,29,1.3077256317689532,0.10830324909747294
12429,905.5199999999998,0.7808315977379501,1151.2506874348119,898.9329136666375,Top,82,7,6580.39,45.071164383561644,455,19.397260273972602,107,14.462395604395605,0.46153846153846156
14426,1596.0900000000001,0.8105877951049326,1907.615904341873,1546.290169807581,Top,50,13,10131.85,18.288537906137186,554,10.6985559566787,426,18.288537906137186,0.703971119133574
13945,0.0,0.2884474491404981,348.0240451203683,100.38664805452785,Medium,304,2,854.15,16.748039215686273,389,8.098039215686274,49,2.195758354755784,0.15424164524421594
12500,2483.980000000001,0.7808916649859423,641.5104981935425,500.95020104031676,Top,16,14,3471.23,29.668632478632478,582,16.82905982905983,75,5.964312714776632,0.7216494845360826
15356,486.86000000000007,0.8301331806318587,625.5329305947728,519.2756412646064,Top,14,11,2978.09,4.425096582466568,331,2.5661218424962855,276,8.99725075528701,0.9969788519637462
13265,641.9999999999998,0.656677160470324,626.0802936845588,411.1326294832026,Top,93,3,1465.66,23.63967741935484,183,18.35483870967742,44,8.009071038251367,0.49180327868852464
18245,894.2500000000001,0.8333516971710382,943.8334538762732,786.545210634595,Top,58,19,5430.7300000000005,13.47575682382134,550,11.508684863523573,291,9.874054545454547,1.0363636363636364
13505,1810.5100000000004,0.7680180912716967,862.9166228923618,662.7355776404103,Top,76,3,2583.12,21.000975609756097,142,10.252032520325203,110,18.190985915492956,0.6338028169014085
14500,21.000000000000004,0.5318819390058896,293.5513846442109,156.13467966242663,High,21,2,335.85,55.975,99,17.833333333333332,5,3.3924242424242426,0.6060606060606061
13758,839.0299999999997,0.7947385536908919,1336.2380259233207,1061.9598761090724,Top,110,13,8577.95,29.888327526132407,648,16.43554006968641,199,13.237577160493828,0.6018518518518519
17215,0.0,0.13163139203153837,278.2136402003339,36.62164874173151,Low,373,1,186.15,16.922727272727272,373,9.454545454545455,11,0.49906166219839143,0.08042895442359249
17488,0.0,0.137183509412978,366.51239380673445,50.27945642575925,Low,550,1,336.5,18.694444444444443,550,7.555555555555555,18,0.6118181818181818,0.05454545454545455
17799,524.1800000000001,0.8392857820406417,868.1919870209617,728.6611907883066,Top,8,19,5817.71,6.756922183507549,635,3.8304297328687573,449,9.161748031496064,0.8976377952755905
16121,579.22,0.47799256602206247,306.41623107788695,146.46468056372842,High,125,4,897.87,4.062760180995475,475,2.0497737556561084,159,1.8902526315789474,0.25263157894736843
12785,0.0,0.30690064737271483,382.4520040705777,117.37476763825246,Medium,273,3,1100.4,19.650000000000002,640,8.089285714285714,42,1.719375,0.140625
14012,0.0,0.2993835544419324,356.63114764604313,106.76950060697797,Medium,187,1,328.8,29.89090909090909,187,14.545454545454545,11,1.758288770053476,0.16042780748663102
17997,250.70999999999995,0.7934713717028478,1021.6120214092242,810.6198919756962,Top,1,6,1719.96,11.944166666666668,73,14.305555555555555,118,23.56109589041096,2.4657534246575343
13901,214.92,0.8179369831542507,946.5555869921507,774.2228212121606,Top,17,14,5461.42,18.51328813559322,613,10.684745762711865,265,8.909331158238173,0.6851549755301795
14527,3227.4,0.8476485766826107,2719.540320578533,2305.2144819693644,Top,8,107,24564.9,10.37369087837838,647,2.5405405405405403,562,37.96738794435858,4.961360123647604
16262,0.0,0.31708244713852707,332.74027359733293,105.50610021378536,Medium,287,1,755.15,16.416304347826088,287,9.695652173913043,46,2.631184668989547,0.10452961672473868
12424,0.0,0.5415735403162961,769.4072721324364,416.6906203138675,Top,72,4,3340.03,36.30467391304348,457,22.01086956521739,78,7.308599562363239,0.262582056892779
14471,0.0,0.15484639158671668,249.33244710134363,38.60822973912898,Low,500,2,400.95,9.779268292682927,642,4.560975609756097,38,0.6245327102803738,0.09345794392523366
15537,0.0,0.31501168703570454,211.61239417238133,66.66037728590634,Low,72,1,110.92,4.621666666666667,72,1.2083333333333333,24,1.5405555555555557,0.4166666666666667
14059,0.0,0.23650620895727859,212.51339604007305,50.26073765007442,Low,176,1,183.6,22.95,176,16.0,8,1.0431818181818182,0.17045454545454547
15235,0.0,0.6272246345821194,687.45418283711,431.18819862195585,Top,127,16,2937.81,15.710213903743314,298,9.27807486631016,161,9.858422818791945,1.610738255033557
16259,0.0,0.289623030605391,237.12737654484272,68.67754943442306,Low,319,3,361.94,3.891827956989247,514,1.7419354838709677,75,0.7041634241245136,0.17509727626459146
18090,0.0,0.2836580872045721,297.4417285022564,84.3717517617717,Medium,331,1,349.4,5.823333333333333,331,5.35,47,1.0555891238670694,0.09063444108761329
16145,1199.18,0.8493781173261107,1106.2621596032952,939.6348703929643,Top,9,16,5606.26,17.092256097560977,493,13.399390243902438,190,11.371724137931034,0.973630831643002
13909,0.0,0.26796594527131284,200.54376313161552,53.73889905582961,Low,332,2,286.6,7.348717948717949,430,7.743589743589744,35,0.6665116279069768,0.13953488372093023
14705,0.0,0.23704146515952718,229.5231337972464,54.406499923305475,Low,108,1,179.0,179.0,108,100.0,1,1.6574074074074074,0.2777777777777778
18032,0.0,0.1850704331628093,140.79991307753326,26.05790090254498,Low,243,1,73.5,14.7,243,8.4,5,0.30246913580246915,0.1234567901234568
13154,0.0,0.3058416938824483,546.0191589842667,166.99542447601797,High,308,3,1624.84,17.471397849462363,645,10.494623655913978,78,2.5191317829457365,0.13953488372093023
15251,3032.8699999999985,0.8264975667083364,3310.2225671193823,2735.8908969871923,Top,16,17,17291.670000000002,88.22280612244899,589,53.63775510204081,154,29.357674023769103,0.8658743633276741
16451,266.97000000000014,0.2465148265212492,288.98618371816013,71.2393789463201,Medium,470,2,746.1800000000001,14.630980392156864,644,7.921568627450981,50,1.158664596273292,0.09316770186335405
13259,292.32000000000005,0.4167923660406864,302.32956876807,126.0086562909043,Medium,307,8,1141.06,4.814599156118144,608,1.6244725738396624,181,1.8767434210526315,0.39473684210526316
15563,664.8199999999997,0.49076005270222356,519.3677338949773,254.88493645813347,High,110,5,2202.18,10.587403846153846,590,10.865384615384615,151,3.732508474576271,0.2542372881355932
18162,0.0,0.14279759854176163,310.3845928142837,44.32217447824223,Low,641,1,379.16,8.067234042553192,641,7.127659574468085,45,0.5915132605304213,0.046801872074883
13693,0.0,0.5043199580389495,453.492858941118,228.70549959214787,High,283,9,2011.82,18.97943396226415,642,8.30188679245283,78,3.133676012461059,0.42056074766355145
17375,0.0,0.47282318494477676,310.3732542871593,146.75167061372974,High,108,4,660.55,7.6808139534883715,341,5.5813953488372094,77,1.9370967741935483,0.3519061583577712
17381,2013.9599999999994,0.8369763131011254,11601.69411588037,9710.343166836572,Top,8,33,37988.409999999996,235.9528571428571,457,266.888198757764,50,83.12562363238511,2.166301969365427
16292,0.0,0.5676552462905113,368.69348828426644,209.29079289771303,High,31,5,1253.76,20.22193548387097,513,11.096774193548388,51,2.4439766081871346,0.29239766081871343
16365,677.8599999999998,0.7646028310495934,404.06219024641354,308.9470945825072,High,32,13,2629.34,22.86382608695652,638,8.31304347826087,86,4.1212225705329155,0.6112852664576803
13962,51.95000000000001,0.27651751728196916,222.99456988444618,61.661904831807625,Low,155,2,310.85,16.360526315789475,345,5.421052631578948,19,0.9010144927536232,0.17391304347826086
17718,0.0,0.25971160340292654,247.51815109915387,64.28333589328909,Low,141,2,439.18,19.094782608695652,554,11.91304347826087,22,0.7927436823104693,0.10830324909747294
14709,968.3000000000004,0.8615028685914,1351.1606621540614,1164.0287863735794,Top,3,21,7918.03,25.057056962025317,643,11.585443037974683,99,12.314199066874028,0.9797822706065319
15880,0.0,0.39695289619789537,347.9545634727485,138.12157171578193,High,278,1,686.5600000000001,3.2693333333333334,278,2.0095238095238095,95,2.4696402877697845,0.1079136690647482
14106,0.0,0.14104744196271388,378.6044331602554,53.40118681299731,Low,646,1,214.79999999999998,214.79999999999998,646,24.0,1,0.33250773993808047,0.04643962848297213
18008,50.78000000000001,0.7935256793838972,3152.6976994418274,2501.7465838416256,Top,112,21,19736.35,199.3570707070707,612,78.44444444444444,75,32.24893790849673,1.0294117647058825
15182,0.0,0.761597044632855,611.9525424003556,466.0612477476727,Top,63,11,2998.952,23.991616,566,9.488,78,5.298501766784453,0.5830388692579506
17219,114.23000000000002,0.21554757284549164,235.63914167930648,50.79144505636944,Low,326,1,144.9,5.796,326,3.96,24,0.444478527607362,0.09202453987730061
15485,1296.37,0.5424812635661527,921.4984004311684,499.89561664008875,Top,245,6,4475.14,37.92491525423729,647,16.02542372881356,56,6.9167542503864,0.2782071097372488
13069,561.42,0.8588617490696168,1899.7956022367607,1631.6617738118302,Top,9,34,9121.710000000001,8.613512747875355,452,13.865911237016054,550,20.18077433628319,2.256637168141593
13177,282.44999999999993,0.26897511407206515,291.88473741592514,78.50973054234325,Medium,340,1,229.75,17.673076923076923,340,6.846153846153846,13,0.6757352941176471,0.08823529411764705
16876,0.0,0.2178356393839967,237.2748194072412,51.686911995298736,Low,313,1,136.01,4.2503125,313,5.65625,32,0.4345367412140575,0.09584664536741214
14256,0.0,0.42895006751282977,583.7804856689966,250.41267874038863,High,169,5,2473.9900000000002,18.46261194029851,604,8.738805970149254,100,4.096009933774835,0.24834437086092717
13653,0.0,0.12774432216232598,276.6073271055181,35.33501550622719,Low,397,1,152.2,16.91111111111111,397,8.0,9,0.3833753148614609,0.07556675062972293
15377,0.0,0.3351398838101265,391.20495939778453,131.10838463851877,Medium,292,4,1211.75,57.70238095238095,325,12.047619047619047,15,3.7284615384615383,0.3692307692307692
13805,424.3599999999999,0.40746960312875624,542.9314772249651,221.2280735509659,High,38,1,500.24,83.37333333333333,38,121.33333333333333,6,13.16421052631579,0.7894736842105263
14085,1200.3499999999997,0.8271270136890175,1447.0898532924718,1196.9271088934806,Top,50,27,8904.62,9.237157676348549,640,5.785269709543568,443,13.913468750000002,1.265625
17624,443.18000000000006,0.3216774207614261,373.3828330493371,120.10882669190491,Medium,127,3,1125.45,15.631250000000001,629,9.944444444444445,71,1.7892686804451512,0.14308426073131958
17089,0.0,0.20558240067595585,231.9990004670664,47.69491147044171,Low,295,1,128.45,32.1125,295,8.75,4,0.4354237288135593,0.10169491525423728
13856,0.0,0.6324435355622209,287.83901400700665,182.04192369133492,High,78,11,1142.03,21.148703703703703,528,20.462962962962962,33,2.162935606060606,0.625
14148,0.0,0.3200809181164157,266.61951355090133,85.33981868512464,Medium,143,2,466.29,27.428823529411765,323,13.117647058823529,15,1.4436222910216718,0.18575851393188852
17143,0.0,0.30070022564462784,343.3984370633796,103.25998751097079,Medium,326,2,924.11,7.637272727272728,424,2.727272727272727,82,2.179504716981132,0.14150943396226415
18013,0.0,0.49848650425399826,226.4483242803305,112.88143356467775,Medium,64,2,187.29,6.041612903225806,64,9.193548387096774,31,2.92640625,0.9375
15314,0.0,0.5127882763025766,323.06017427726783,165.66146990965018,High,108,3,820.4499999999999,16.409,337,15.0,49,2.4345697329376854,0.26706231454005935
17803,0.0,0.22504653902727695,235.63914167930648,53.02977329428609,Low,301,1,184.66,6.839259259259259,301,3.6296296296296298,27,0.6134883720930232,0.09966777408637874
14869,334.3899999999998,0.4866176039778278,465.77008605647825,226.6519232813501,High,12,5,2469.85,10.7853711790393,633,8.48471615720524,171,3.901816745655608,0.23696682464454974
13680,1330.8299999999997,0.5096832870292514,1769.2772198645582,901.7710290865435,Top,247,10,10104.84,19.17426944971537,644,8.559772296015181,280,15.690745341614907,0.46583850931677023
13345,0.0,0.28337491510590557,349.6226619250845,99.07429214212155,Medium,197,1,389.5,19.475,197,7.05,20,1.9771573604060915,0.15228426395939088
17775,0.0,0.20423356307065132,147.72265912920147,30.169925020228096,Low,164,1,56.4,18.8,164,24.0,3,0.3439024390243902,0.18292682926829268
15460,0.0,0.30675546127242637,243.5174894823204,74.70031981405243,Medium,263,1,216.76,3.7372413793103445,263,1.8793103448275863,53,0.8241825095057034,0.11406844106463877
14637,0.0,0.13262452160339566,187.5105316460089,24.868494555150313,Low,586,1,106.67999999999999,15.239999999999998,586,14.285714285714286,7,0.18204778156996584,0.051194539249146756
15750,1355.6499999999996,0.8083558618582485,824.3045856415368,666.331443759971,Top,80,14,5441.541,11.105185714285714,647,7.8795918367346935,328,8.41041885625966,0.6491499227202473
14373,0.0,0.18630668149220417,145.2210573560523,27.055653278795152,Low,267,1,76.55,19.1375,267,4.25,4,0.28670411985018723,0.11235955056179775
15194,3147.0000000000005,0.8344382724931396,1598.3621832549356,1333.7345790136117,Top,36,24,9280.69,23.55505076142132,646,17.129441624365484,227,14.36639318885449,1.1145510835913313
16415,210.3499999999999,0.173382129535914,260.802606905147,45.218511373732255,Low,493,2,509.09000000000003,4.713796296296296,586,3.1481481481481484,78,0.8687542662116041,0.10238907849829351
13861,0.0,0.25738217990361717,203.35519295927472,52.34000285857883,Low,338,2,273.26,13.012380952380951,440,10.714285714285714,21,0.6210454545454546,0.13636363636363638
12800,0.0,0.2577660295679261,287.35678298534174,74.07081701954372,Medium,379,3,584.25,17.183823529411764,586,8.352941176470589,31,0.9970136518771331,0.15358361774744025
14577,213.06999999999994,0.5309045555687077,331.9098616635588,176.21245759536293,High,73,6,1161.18,7.639342105263158,638,3.289473684210526,95,1.8200313479623826,0.2821316614420063
17374,0.0,0.38634478120378,326.02201786168155,125.95690515838622,Medium,128,3,727.11,17.312142857142856,304,3.6904761904761907,34,2.391809210526316,0.2960526315789474
13893,0.0,0.29235257485484606,452.1594425981733,132.18997728850795,High,207,1,821.1,39.1,207,9.047619047619047,21,3.966666666666667,0.14492753623188406
17568,0.0,0.17237149619642875,346.47840323630453,59.72300076559137,Low,542,1,382.79,5.8890769230769235,542,4.3538461538461535,61,0.7062546125461255,0.055350553505535055
14943,0.0,0.13545448268960594,212.38537139258761,28.76855061282279,Low,572,1,107.62,21.524,572,9.2,5,0.18814685314685314,0.05244755244755245
13900,0.0,0.5742494866541129,492.17708922882576,282.6324408325687,High,92,6,1610.59,16.95357894736842,533,9.873684210526315,80,3.021744840525328,0.3377110694183865
17025,196.80000000000004,0.325910784994016,402.1659709733402,131.07022729780195,Medium,282,4,1313.84,34.57473684210526,550,24.42105263157895,28,2.3888,0.2181818181818182
16253,1983.4600000000005,0.5493144605269523,1107.9932728103634,608.6367269213171,Top,164,6,5326.69,22.95987068965517,640,17.96551724137931,170,8.322953125,0.28125
13307,0.0,0.31951327915388034,167.97180359395634,53.669221771696535,Low,29,3,273.34,18.222666666666665,501,9.333333333333334,15,0.5455888223552894,0.17964071856287425
17092,1144.7099999999998,0.7998832081924666,751.5584562786503,601.1589891523445,Top,35,9,4450.25,13.777863777089783,584,9.476780185758514,224,7.620291095890411,0.4623287671232877
15233,0.0,0.18142297104137325,164.97829582441946,29.93085258580876,Low,310,1,59.400000000000006,59.400000000000006,310,12.0,1,0.19161290322580646,0.0967741935483871
16353,3207.9000000000005,0.8463655874608643,1078.4792503658698,912.787724300262,Top,1,29,6791.56,45.27706666666667,641,18.566666666666666,73,10.595257410296412,1.357254290171607
15922,0.0,0.3064922195540665,366.1553992697489,112.22378102389077,Medium,282,1,739.0,33.59090909090909,282,12.545454545454545,11,2.620567375886525,0.10638297872340426
14736,0.0,0.2528165913721702,272.9517487659374,69.00673073207726,Low,394,2,401.08,4.0108,394,1.64,70,1.017969543147208,0.15228426395939088
16314,0.0,0.3663152397017426,496.9647566819789,182.04576396727728,High,299,3,1491.4,24.05483870967742,382,10.258064516129032,58,3.904188481675393,0.23560209424083772
17216,0.0,0.13743348930177485,230.77584436223947,31.716329537265896,Low,463,1,65.05,4.646428571428571,463,1.5714285714285714,13,0.14049676025917926,0.06479481641468682
14118,0.0,0.29072855929746405,451.7669274045814,131.34154794257597,Medium,338,1,458.45,30.563333333333333,338,6.466666666666667,15,1.3563609467455622,0.08875739644970414
16300,0.0,0.3350717160558965,459.83886356091585,154.0789971225493,High,339,3,1392.43,5.592088353413655,585,2.642570281124498,190,2.3802222222222222,0.15384615384615385
14663,0.0,0.35155857988137995,335.6322353473934,117.99439202114273,Medium,339,2,490.6,7.214705882352941,339,5.838235294117647,60,1.4471976401179942,0.17699115044247787
17800,433.71000000000004,0.6211567652794125,269.67646668063503,167.51136171532454,High,27,6,765.3,11.422388059701492,243,6.731343283582089,36,3.1493827160493826,0.7407407407407408
14414,0.0,0.8317184267627153,620.9326215488537,516.4411031202611,Top,1,8,2399.33,20.333305084745763,284,24.38135593220339,99,8.448345070422535,0.8450704225352113
16416,1051.4000000000003,0.5000333196818979,519.161491511643,259.59804405157234,High,299,6,1921.48,16.56448275862069,564,13.258620689655173,92,3.4068794326241134,0.3191489361702127
15638,0.0,0.5156213825737486,761.4963642765765,392.64380817317124,Top,288,6,2265.2,90.60799999999999,519,45.36,20,4.364547206165703,0.3468208092485549
15899,0.0,0.20691914410645174,140.79991307753326,29.134197504265984,Low,278,1,112.5,14.0625,278,9.75,4,0.40467625899280574,0.1079136690647482
15860,210.07000000000002,0.7933467427447479,374.38675255321004,297.01851066487313,High,8,15,2295.14,6.810504451038575,643,3.7002967359050447,232,3.5694245723172626,0.6998444790046656
14408,308.22000000000014,0.7452711034971936,673.1215260313879,501.6580224931274,Top,4,10,3801.55,31.417768595041323,642,18.859504132231404,62,5.9214174454828665,0.4672897196261683
17464,0.0,0.3497546456101048,395.6488527880744,138.3800242929375,High,67,3,1000.94,23.831904761904763,528,15.523809523809524,35,1.895719696969697,0.17045454545454544
16705,4254.639999999998,0.8568523127874025,6150.676777074144,5270.221621643747,Top,8,32,39260.411,66.43047546531302,639,35.11336717428088,358,61.44039280125195,1.5023474178403755
16196,0.0,0.12774432216232598,236.35750121040172,30.19332878010391,Low,398,1,93.3,23.325,398,6.5,4,0.23442211055276382,0.07537688442211055
14551,60.80000000000002,0.46945536928286313,263.49171968005527,123.697602565377,Medium,113,6,819.24,10.63948051948052,591,5.805194805194805,68,1.3861928934010153,0.30456852791878175
16757,0.0,0.2736578862561097,183.7063754472734,50.272698396672126,Low,228,2,270.48,18.032,318,12.0,13,0.8505660377358492,0.18867924528301888
16491,731.5000000000003,0.2826777618918455,413.58562449624145,116.91145868323876,Medium,322,1,801.66,16.701249999999998,322,12.125,48,2.4896273291925466,0.09316770186335405
14450,0.0,0.4880774164546302,296.1656397750053,144.55176030401725,High,90,7,1128.44,14.847894736842106,520,6.868421052631579,47,2.1700769230769232,0.40384615384615385
18271,0.0,0.19423068975486457,356.5288929752992,69.24885280013065,Low,519,2,680.85,32.42142857142857,641,15.19047619047619,19,1.0621684867394696,0.093603744149766
13400,0.0,0.15144418001648138,348.16886782782217,52.72814869545122,Low,492,1,310.83,13.514347826086956,492,12.347826086956522,23,0.6317682926829268,0.06097560975609757
15911,0.0,0.21470849540408177,341.5126423199571,73.32566559399032,Medium,533,8,1702.34,6.572741312741313,639,3.1312741312741315,162,2.6640688575899842,0.3755868544600939
16985,1885.5800000000004,0.8372013037606469,1515.5485847474615,1268.8192510631782,Top,67,20,9037.58,44.96308457711443,638,12.72636815920398,119,14.165485893416928,0.9404388714733543
16173,783.2699999999999,0.6916028306598119,515.9623171490887,356.84099905410534,Top,1,2,635.05,16.28333333333333,7,6.205128205128205,39,90.72142857142856,8.571428571428571
13594,396.97,0.12774432216232598,276.1143842442779,35.2720448545533,Low,395,1,136.35000000000002,19.47857142857143,395,5.285714285714286,7,0.34518987341772156,0.0759493670886076
13392,0.0,0.13545448268960594,193.585193316944,26.22198221711401,Low,586,1,91.14,11.3925,586,10.25,8,0.15552901023890786,0.051194539249146756
14064,256.05999999999995,0.825417465186747,566.4767097486208,467.5797698480352,Top,22,14,3076.36,13.857477477477477,596,16.675675675675677,116,5.161677852348993,0.7046979865771812
14598,221.97000000000008,0.14392004019675095,271.06082931065043,39.01108545015346,Low,478,1,162.07,4.05175,478,4.125,40,0.3390585774058577,0.06276150627615062
12688,0.0,0.7589418630290622,2646.054393581928,2008.2014511413038,Top,23,1,4873.8099999999995,28.501812865497072,23,17.707602339181285,171,211.90478260869563,1.3043478260869565
16092,0.0,0.5806219029159555,499.55670369143365,290.05356391174234,High,24,6,1587.94,17.64377777777778,488,13.2,60,3.2539754098360656,0.36885245901639346
12381,576.57,0.6879507151505806,640.4295530884885,440.5839690507924,Top,29,1,1268.74,20.463548387096775,29,9.161290322580646,62,43.749655172413796,1.0344827586206897
14296,0.0,0.27855530645999227,291.51527015154807,81.2031254148319,Medium,330,2,456.40000000000003,16.903703703703705,483,11.62962962962963,27,0.9449275362318841,0.12422360248447203
13503,216.85000000000008,0.277533274680569,532.9670384802538,147.91608748622966,High,388,5,1688.54,9.328950276243093,570,4.806629834254144,148,2.9623508771929825,0.2631578947368421
15615,3031.89,0.8545437527047468,2573.918497369421,2199.525971898228,Top,15,43,18342.08,23.425389527458496,646,13.306513409961687,268,28.393312693498455,1.9969040247678016
18047,0.0,0.3315272259320532,255.33799038464753,84.65149562728746,Medium,290,2,342.69,3.8942045454545453,290,1.5681818181818181,74,1.1816896551724139,0.20689655172413796
16606,0.0,0.2736202922194676,267.0981815409822,73.08348248453196,Medium,313,2,357.66,16.257272727272728,343,6.7272727272727275,16,1.0427405247813413,0.1749271137026239
15950,674.1300000000002,0.694337674656316,1114.7277119589792,773.9974473965532,Top,15,8,6506.58,17.826246575342466,592,8.493150684931507,208,10.990844594594595,0.4054054054054054
15859,0.0,0.26580345795193516,421.19161364553423,111.95418736733848,Medium,341,1,438.46,19.93,341,7.909090909090909,22,1.285806451612903,0.0879765395894428
14538,281.75000000000006,0.310641346459314,360.77422577598173,112.07139126286752,Medium,165,4,1089.0900000000001,30.252500000000005,592,4.416666666666667,30,1.8396790540540544,0.2027027027027027
17265,0.0,0.6779267079082502,534.8602530788291,362.59605056070416,Top,48,2,562.9,4.432283464566929,90,3.1023622047244093,106,6.254444444444444,0.6666666666666666
14886,0.0,0.2705444931421823,371.1470032570925,100.41177787742997,Medium,162,1,364.8,20.266666666666666,162,8.88888888888889,18,2.251851851851852,0.18518518518518517
17802,652.6199999999998,0.7519095710905581,761.7420960381049,572.7611727136342,Top,89,9,4400.5,9.26421052631579,635,5.138947368421053,268,6.929921259842519,0.42519685039370075
17390,0.0,0.20338957036678645,222.294602625072,45.21240372276891,Low,330,1,149.3,12.441666666666668,330,4.083333333333333,12,0.45242424242424245,0.09090909090909091
14588,0.0,0.13743348930177485,262.62290835233733,36.09318266544195,Low,487,1,135.39,8.461875,487,3.875,16,0.2780082135523614,0.061601642710472276
14094,0.0,0.3632617953522931,349.8483312449374,127.08653290903969,Medium,349,1,335.22,7.132340425531916,349,3.765957446808511,41,0.960515759312321,0.08595988538681949
17213,1001.2200000000003,0.8111436069752931,607.5419712241659,492.80378592764964,Top,50,11,4181.08,18.749237668161435,634,7.896860986547085,113,6.594763406940063,0.5205047318611987
17864,389.0899999999999,0.41327339643576533,307.18637679830846,126.95195727823372,Medium,185,3,535.23,7.1364,337,9.253333333333334,57,1.588219584569733,0.26706231454005935
13877,117.23999999999995,0.12271606073516904,297.4537373333016,36.50235089649646,Low,379,2,332.44,16.622,599,18.5,20,0.554991652754591,0.1001669449081803
18016,994.8,0.40759006188579056,347.2840333083183,141.54952062808442,High,95,5,965.66,9.196761904761905,590,3.6857142857142855,79,1.6367118644067795,0.2542372881355932
13502,102.84000000000003,0.3440962666702786,262.38208731446974,90.28469668606411,Medium,184,4,677.66,28.235833333333332,458,14.0,20,1.4796069868995632,0.26200873362445415
13937,0.0,0.40554840516701907,338.8035388608577,137.401234849963,High,78,2,880.13,16.298703703703705,312,10.87037037037037,54,2.820929487179487,0.1923076923076923
18069,1042.7999999999997,0.7797159686272332,624.3295643457906,486.79973100649664,Top,89,9,3497.76,4.548452535760728,558,3.3159947984395317,499,6.268387096774194,0.48387096774193544
14308,0.0,0.1596963875432241,448.6186697880656,71.6427809496006,Medium,458,2,1147.02,573.51,458,1.0,1,2.5044104803493448,0.13100436681222707
17249,0.0,0.20333441456808707,209.18172512940052,42.533843617529165,Low,338,1,68.03,2.51962962962963,338,2.925925925925926,27,0.20127218934911242,0.08875739644970414
16449,0.0,0.5156040762300149,379.9287704285561,195.89282271002108,High,107,2,707.69,17.69225,190,9.175,40,3.7246842105263163,0.31578947368421056
15277,255.9000000000001,0.26897511407206515,259.59935297877354,69.82576558049992,Medium,334,1,220.44,15.745714285714286,334,12.0,14,0.66,0.08982035928143713
16901,0.0,0.14391855583436441,281.1748416115443,40.46627714168961,Low,638,1,204.26,8.880869565217392,638,1.826086956521739,23,0.3201567398119122,0.047021943573667714
15047,0.0,0.28897424580693704,353.5182813255571,102.15767872501746,Medium,179,1,343.62,15.61909090909091,179,10.090909090909092,22,1.9196648044692737,0.16759776536312848
12734,0.0,0.36653640030972867,340.6549578649103,124.86244200346651,Medium,262,3,639.65,33.66578947368421,301,13.947368421052632,17,2.125083056478405,0.29900332225913623
17826,0.0,0.2267375343290959,204.8316476283124,46.443022735809755,Low,283,1,134.59,3.958529411764706,283,2.5,33,0.47558303886925796,0.10600706713780919
15326,0.0,0.39153642664093785,465.2753291004815,182.1722397601889,High,243,5,1700.52,13.182325581395348,647,10.472868217054264,94,2.6283153013910354,0.23183925811437403
14632,0.0,0.22424281487129136,148.12604601538672,33.21620151424475,Low,172,1,114.56,14.32,172,12.0,8,0.666046511627907,0.1744186046511628
14455,0.0,0.3137675661219819,321.6563045418501,100.9253158038873,Medium,341,4,628.21,7.952025316455697,404,9.10126582278481,65,1.5549752475247525,0.297029702970297
14865,14.999999999999998,0.25098525625524215,115.22853185664516,28.92066259595542,Low,281,3,114.72,14.34,647,36.0,3,0.17731066460587325,0.1391035548686244
13274,0.0,0.26580345795193516,369.52194658421354,98.22021119121423,Medium,318,1,360.85,18.992105263157896,318,10.473684210526315,19,1.134748427672956,0.09433962264150944
15700,0.0,0.5551825468106936,487.3357158778534,270.56028389287917,High,81,2,696.68,8.10093023255814,82,4.151162790697675,85,8.49609756097561,0.7317073170731707
14941,0.0,0.13456861775482515,309.7052112038181,41.67660218316399,Low,488,1,182.1,26.014285714285712,488,11.428571428571429,7,0.373155737704918,0.06147540983606558
18054,0.0,0.20338957036678645,229.1603555872391,46.608826267988576,Low,302,1,176.5,16.045454545454547,302,8.727272727272727,11,0.5844370860927153,0.09933774834437087
12473,2752.3000000000006,0.6424207089505202,691.884859125992,444.4811617118505,Top,24,2,1186.25,18.25,101,13.507692307692308,60,11.745049504950495,0.594059405940594
16960,305.5199999999999,0.5837892496447312,520.8354851126337,304.05815704225404,High,162,6,1737.91,4.197850241545894,556,3.154589371980676,301,3.1257374100719426,0.3237410071942446
16249,359.3,0.672370164036006,633.8180484716343,426.1603452198539,Top,22,4,1440.77,29.403469387755102,148,15.551020408163266,48,9.734932432432432,0.8108108108108107
17438,0.0,0.47319234330863547,390.5680796306932,184.81382482200146,High,163,5,1422.77,20.03901408450704,550,7.788732394366197,49,2.5868545454545453,0.27272727272727276
17388,306.5300000000001,0.7020010578938768,373.17010247202415,261.96580670972736,High,41,10,2385.04,43.364363636363635,639,41.41818181818182,40,3.7324569640062597,0.4694835680751174
17467,0.0,0.20558240067595585,181.7423832477529,37.36303545264266,Low,304,1,102.6,25.65,304,5.0,4,0.33749999999999997,0.09868421052631579
12722,67.98,0.6685849878077309,696.4833713670341,465.65832635371584,Top,24,3,929.65,18.593,60,11.18,48,15.494166666666667,1.5
14240,663.4900000000001,0.33794972756900576,365.43307371421463,123.49800770642324,Medium,135,2,584.0,20.137931034482758,333,10.89655172413793,26,1.7537537537537538,0.1801801801801802
15228,1162.68,0.6672580106684552,1066.0946362525829,711.3601861702089,Top,39,5,4417.59,22.311060606060607,409,13.257575757575758,163,10.800953545232273,0.36674816625916873
13579,302.3399999999999,0.3358193602494426,375.9485082855015,126.25078753916937,Medium,278,4,1236.7,16.272368421052633,568,8.342105263157896,62,2.1772887323943664,0.2112676056338028
18133,0.0,0.3023719203749425,549.5422533254441,166.16614646518767,High,121,1,931.4999999999999,931.4999999999999,121,1350.0,1,7.698347107438016,0.24793388429752067
13165,666.8399999999999,0.3277255367295891,347.7552121705266,113.96826355909796,Medium,260,2,784.32,39.216,322,42.8,20,2.435776397515528,0.1863354037267081
12576,379.2799999999999,0.7568997283670984,448.6237419613472,339.56318842957495,Top,5,7,1763.44,15.202068965517242,435,10.275862068965518,97,4.053885057471264,0.4827586206896552
15691,0.0,0.33602400296140067,219.3493778218707,73.70665598279767,Medium,161,4,571.3,40.80714285714286,642,15.142857142857142,12,0.8898753894080996,0.1869158878504673
14331,0.0,0.6009193265950826,501.0817106516507,301.109684133902,High,33,2,462.65999999999997,16.523571428571426,44,9.0,27,10.514999999999999,1.3636363636363638
14264,0.0,0.5776055936990667,457.060721538974,264.0008294210429,High,64,6,1517.3600000000001,19.207088607594937,520,7.0,59,2.918,0.3461538461538462
16420,0.0,0.18778727557171637,176.81248945665544,33.20313568211815,Low,305,1,75.0,37.5,305,60.0,2,0.2459016393442623,0.09836065573770493
17128,0.0,0.2217150794341833,189.49781843976157,42.01452386797619,Low,244,1,157.09,11.220714285714285,244,5.428571428571429,14,0.6438114754098361,0.12295081967213116
14981,0.0,0.27764669089351574,264.614755168301,73.46941113407661,Medium,155,2,372.92,16.950909090909093,333,10.954545454545455,20,1.11987987987988,0.1801801801801802
15962,0.0,0.3524632735048986,305.9138153112854,107.82338475498862,Medium,358,1,295.83,5.10051724137931,358,4.051724137931035,43,0.826340782122905,0.08379888268156424
12774,0.0,0.13743348930177485,188.25305704731622,25.872274501738744,Low,445,1,98.7,16.45,445,8.833333333333334,6,0.22179775280898878,0.06741573033707865
18009,0.0,0.5626088172472703,434.21633132582167,244.29393659666937,High,144,8,2155.83,11.910662983425414,562,3.6077348066298343,145,3.8359964412811385,0.4270462633451957
13266,1298.6799999999998,0.8311422365223574,790.7469677763397,657.2232033208995,Top,22,15,4836.36,20.40658227848101,632,23.075949367088608,129,7.652468354430379,0.7120253164556962
12832,115.22999999999998,0.6838747740729952,334.80983292550894,228.9679988493497,High,7,1,267.8,14.877777777777778,7,7.333333333333333,18,38.25714285714286,4.285714285714286
18131,0.0,0.14165842060852202,364.23965095323257,51.59761367703427,Low,541,1,222.95999999999998,55.739999999999995,541,138.0,4,0.41212569316081327,0.055452865064695
17917,110.81999999999995,0.3402100620849003,172.20041641398186,58.58431435924645,Low,165,2,230.46,3.5455384615384617,272,2.0153846153846153,57,0.8472794117647059,0.22058823529411764
14071,1082.01,0.31379592367503706,298.32047795956584,93.6117499325005,Medium,169,2,356.81,12.303793103448276,174,10.172413793103448,22,2.050632183908046,0.3448275862068966
15529,1596.1500000000003,0.8194860634670651,729.2994602522148,597.6507437707428,Top,52,9,3515.8,6.709541984732825,303,5.782442748091603,333,11.603300330033004,0.8910891089108911
14774,0.0,0.13743348930177485,292.3611278475726,40.1802099362942,Low,438,1,241.45,18.573076923076922,438,7.615384615384615,13,0.5512557077625571,0.0684931506849315
18051,0.0,0.21216502181624347,506.44821483427063,107.45059654911059,Medium,543,7,2282.28,41.496,640,30.2,41,3.5660625,0.328125
15137,0.0,0.18481294209533536,432.4098647776248,79.91493930059897,Medium,430,2,823.4,24.21764705882353,589,17.529411764705884,34,1.3979626485568761,0.10186757215619695
14699,0.0,0.3809996326480662,284.15115942015484,108.26148735560109,Medium,123,4,702.6,14.052,435,9.68,45,1.6151724137931034,0.27586206896551724
13529,126.65999999999998,0.24595111751693835,245.5533053092727,60.39410985079357,Low,114,1,181.1,25.87142857142857,114,4.285714285714286,7,1.5885964912280701,0.2631578947368421
13782,424.07,0.7214155937142113,292.4271228140132,210.96148642300992,High,34,10,1369.65,7.1709424083769635,642,2.4293193717277486,151,2.1334112149532714,0.4672897196261683
18156,528.7099999999999,0.2836580872045721,344.4029049729492,97.69266925232478,Medium,279,1,412.46000000000004,3.749636363636364,279,1.3272727272727274,50,1.4783512544802868,0.1075268817204301
15424,0.0,0.3556264767767262,315.3751420885566,112.1557506439128,Medium,163,3,597.78,18.114545454545453,372,26.454545454545453,33,1.6069354838709677,0.24193548387096772
14546,1703.2100000000007,0.6868528865019252,640.2111369369325,439.7308673758114,Top,111,8,3494.69,6.495706319702602,642,3.4944237918215615,314,5.4434423676012464,0.3738317757009346
18154,399.19000000000017,0.29939627235899563,302.3658227460716,90.52720021893465,Medium,298,3,533.41,20.51576923076923,400,14.26923076923077,22,1.3335249999999998,0.22499999999999998
16630,0.0,0.20774592338446374,190.84104787536555,39.64644971052647,Low,316,1,106.80000000000001,26.700000000000003,316,18.0,4,0.3379746835443038,0.0949367088607595
14945,0.0,0.20553598663336894,219.05608905346446,45.023909391650946,Low,323,1,179.4,16.30909090909091,323,14.181818181818182,11,0.5554179566563467,0.09287925696594426
17158,568.42,0.3494821596341245,415.7678168132912,145.30343452627406,High,142,4,1411.58,16.606823529411763,551,9.764705882352942,61,2.561851179673321,0.2177858439201452
13210,0.0,0.6884812193272662,554.7720171381488,381.95011480791976,Top,3,1,353.48,16.067272727272726,3,14.363636363636363,22,117.82666666666667,10.0
14649,833.0700000000002,0.5981507898057684,513.4825636215655,307.14000098173017,High,121,7,2942.24,6.972132701421801,597,4.2559241706161135,301,4.928375209380234,0.35175879396984927
14870,0.0,0.512613537168233,482.18407656675555,247.17408505508266,High,171,6,1838.95,28.29153846153846,593,7.430769230769231,43,3.1010961214165262,0.30354131534569984
13373,1256.6699999999996,0.5088733027510959,1213.377310405584,617.4553194293312,Top,68,5,6330.52,20.68797385620915,643,11.620915032679738,261,9.845287713841369,0.2332814930015552
13305,529.6100000000001,0.8359800043574054,644.3199804236883,538.6386200421583,Top,2,14,3225.1,17.62349726775956,548,11.278688524590164,140,5.8852189781021895,0.7664233576642336
13163,0.0,0.13743348930177485,196.68722626675103,27.031411806927295,Low,519,1,17.65,8.825,519,1.5,2,0.03400770712909441,0.057803468208092484
12849,346.3900000000001,0.5363226235166327,772.7760039229935,414.4572538146795,Top,178,5,2744.17,20.632857142857144,500,13.330827067669173,110,5.48834,0.3
17918,0.0,0.2174381024137808,234.66766079833587,51.025690861870935,Low,410,3,396.39,9.909749999999999,414,8.8,34,0.957463768115942,0.21739130434782608
14368,0.0,0.2217150794341833,204.51743931622556,45.34460030367271,Low,229,1,155.0,19.375,229,4.5,8,0.6768558951965066,0.13100436681222707
13162,0.0,0.8187960388283783,1598.3621832549356,1308.7326242622198,Top,31,16,9275.49,38.972647058823526,644,24.180672268907564,186,14.402934782608696,0.7453416149068324
16944,0.0,0.13743348930177485,192.4657467746547,26.451239150312613,Low,519,1,101.36,14.48,519,3.857142857142857,7,0.19529865125240847,0.057803468208092484
14026,0.0,0.253321825141803,319.16940271157466,80.85257562431522,Medium,380,2,713.11,14.2622,534,8.54,43,1.3354119850187267,0.11235955056179775
16936,262.6800000000001,0.3179813926522219,261.37097539178797,83.11110675395037,Medium,295,1,288.49,3.434404761904762,295,2.011904761904762,81,0.9779322033898306,0.10169491525423728
16566,150.78000000000003,0.4865350875598534,261.70956342853094,127.33088535795132,Medium,79,3,463.88,51.54222222222222,202,24.0,9,2.2964356435643563,0.44554455445544555
13888,0.0,0.777447165077972,481.9400327483201,374.6829121977664,Top,29,7,2169.05,11.788315217391306,485,4.907608695652174,124,4.472268041237114,0.43298969072164945
15269,408.8000000000001,0.31389204208588345,354.53007753212574,111.28417001742554,Medium,289,2,816.56,24.744242424242422,299,10.484848484848484,32,2.730969899665552,0.20066889632107024
15517,0.0,0.3074860554570651,301.0840218986699,92.57913825477061,Medium,142,1,267.03,9.889999999999999,142,10.851851851851851,27,1.8804929577464786,0.2112676056338028
12467,0.0,0.20774592338446374,202.79218871696702,42.12925050016274,Low,332,1,132.8,14.755555555555556,332,14.333333333333334,9,0.4,0.09036144578313253
18017,179.0,0.30539289354645927,236.12137288760198,72.10978929430725,Medium,78,3,509.0,169.66666666666666,340,100.0,1,1.4970588235294118,0.2647058823529412
16620,83.20000000000005,0.40001932725161343,488.07642498003366,195.24000316788565,High,170,5,1675.73,18.619222222222223,647,12.28888888888889,74,2.59,0.23183925811437403
13079,196.29999999999995,0.31599396634587057,184.86148183153583,58.415112868522094,Low,49,2,222.88,18.573333333333334,326,8.333333333333334,11,0.683680981595092,0.18404907975460122
15464,0.0,0.37083106751078915,470.1522195554624,174.34704947031904,High,247,1,1048.85,6.680573248407643,247,2.229299363057325,155,4.2463562753036435,0.12145748987854252
18101,113.42000000000004,0.37789151223134854,187.24948954652268,70.75999276928354,Medium,52,4,515.74,6.1397619047619045,583,2.2261904761904763,72,0.884631217838765,0.2058319039451115
15253,744.3500000000001,0.4166650722561263,423.1211137487549,176.2997894332176,High,79,4,1310.74,17.476533333333332,496,12.44,67,2.6426209677419354,0.24193548387096772
16086,221.68999999999994,0.6385440256523037,496.1599635903538,316.81998051848495,High,7,9,2643.3,20.490697674418605,646,10.875968992248062,65,4.091795665634675,0.41795665634674917
15743,350.41,0.5588683870330158,309.9148020052667,173.20158551433985,High,23,2,434.05,12.766176470588235,94,3.5,31,4.617553191489362,0.6382978723404256
14007,0.0,0.13905028090740626,188.14650604266197,26.161824516979156,Low,422,1,79.48,15.896,422,3.2,5,0.18834123222748816,0.07109004739336493
18127,209.13,0.3176833655797894,234.50725086292005,74.49905270699641,Medium,43,2,352.40000000000003,11.746666666666668,312,3.066666666666667,25,1.1294871794871797,0.1923076923076923
18092,3216.7800000000016,0.7558180820352169,2207.7846331953574,1668.68354700854,Top,29,15,12962.66,114.71380530973451,645,69.53982300884955,35,20.097147286821706,0.6976744186046512
16502,0.0,0.1430178807676389,194.57204765130203,27.82728191170927,Low,529,2,266.5,6.1976744186046515,529,5.837209302325581,41,0.503780718336484,0.11342155009451796
14684,717.0200000000001,0.5524260506825982,323.3764427257674,178.6415711387831,High,124,3,751.53,2.6185714285714283,299,1.67595818815331,195,2.513478260869565,0.3010033444816054
14029,302.4599999999999,0.490317021587051,230.27283652876153,112.90669135918424,Medium,53,1,165.20000000000002,27.533333333333335,53,4.0,6,3.116981132075472,0.5660377358490566
15716,0.0,0.7881248304949309,460.20101344182166,362.6958457124311,Top,55,11,3056.81,9.376717791411043,642,5.585889570552148,188,4.7613862928348905,0.5140186915887851
13466,0.0,0.46712445689722515,368.69348828426644,172.2257454763314,High,93,5,1013.35,18.424545454545456,537,12.0,49,1.8870577281191807,0.2793296089385475
15908,0.0,0.21038900545067055,361.83470265166824,76.12604322842358,Medium,400,2,764.57,18.648048780487805,421,4.2439024390243905,37,1.816080760095012,0.14251781472684086
13319,3455.0799999999995,0.8604844465535314,3426.5864034366596,2948.52430492905,Top,1,51,18627.420000000002,22.25498207885305,642,9.25089605734767,303,29.014672897196263,2.383177570093458
18174,103.99999999999997,0.1351176429757091,237.08599388118137,32.03450067577862,Low,513,1,58.5,58.5,513,30.0,1,0.11403508771929824,0.05847953216374269
14944,2736.0600000000013,0.8277672197550183,1106.2621596032952,915.7275521750021,Top,4,14,7048.61,27.75043307086614,570,14.755905511811024,161,12.365982456140351,0.7368421052631579
14330,0.0,0.14270125190376504,266.5147382473266,38.03198679869775,Low,533,1,200.63,15.433076923076923,533,7.923076923076923,13,0.37641651031894935,0.056285178236397754
14634,0.0,0.342542023672412,747.4327629859011,256.02713119225285,High,347,4,2124.46,19.49045871559633,451,17.486238532110093,105,4.710554323725056,0.2660753880266075
17169,527.1000000000003,0.3724105516346343,290.73482377727896,108.27271610229465,Medium,92,2,629.63,16.144358974358973,487,6.333333333333333,31,1.2928747433264887,0.12320328542094455
18061,325.90000000000003,0.7833183026727698,930.3278703888604,728.7428483621748,Top,17,26,6163.07,50.10626016260162,645,28.88617886178862,30,9.555147286821706,1.2093023255813953
12422,0.0,0.8509298799980619,880.1775859758322,748.9694076113988,Top,5,17,5231.8,30.417441860465118,631,15.093023255813954,137,8.291283676703646,0.8082408874801901
17972,0.0,0.2516429634144984,250.03118396876266,62.918588079935056,Low,151,1,136.04,4.388387096774193,151,1.1935483870967742,30,0.9009271523178808,0.19867549668874174
18273,51.00000000000001,0.26260646100332025,196.6468966720178,51.64074560232419,Low,5,3,306.0,102.0,500,40.0,1,0.612,0.18
15735,0.0,0.26580345795193516,361.73409114955757,96.1501722866529,Medium,330,1,327.68,17.246315789473684,330,10.842105263157896,19,0.992969696969697,0.09090909090909091
14208,0.0,0.32274451873225485,291.76353269983815,94.16508094483176,Medium,4,2,567.05,16.20142857142857,460,15.114285714285714,34,1.2327173913043477,0.13043478260869565
13172,0.0,0.18778727557171637,181.20984877924852,34.02890380901779,Low,309,1,69.6,69.6,309,48.0,1,0.22524271844660193,0.0970873786407767
17938,0.0,0.22296494414791662,294.44119035614824,65.65006356260467,Low,329,1,144.29,4.97551724137931,329,1.8275862068965518,29,0.43857142857142856,0.0911854103343465
17901,110.38,0.1380743954071211,188.23604093966148,25.990577546573856,Low,431,2,149.7,49.9,431,4.666666666666667,3,0.3473317865429234,0.13921113689095127
13278,542.73,0.30175058841206315,358.0451137958817,108.04032376597142,Medium,309,3,893.12,14.40516129032258,520,13.241935483870968,48,1.7175384615384615,0.1730769230769231
17328,0.0,0.13262452160339566,205.72379599396282,27.284020026133884,Low,582,1,104.7,17.45,582,14.333333333333334,6,0.17989690721649484,0.051546391752577324
16637,623.9199999999997,0.5758901732329339,304.4455410393327,175.32719536913558,High,33,2,530.55,16.5796875,135,10.96875,29,3.9299999999999997,0.4444444444444444
14266,0.0,0.18778727557171637,220.66702931664994,41.438460243877756,Low,337,1,40.56,40.56,337,24.0,1,0.12035608308605342,0.08902077151335312
16700,980.5999999999999,0.8338468813020989,1313.8387207648852,1095.5403198437389,Top,31,22,8187.11,17.199810924369746,647,12.8109243697479,246,12.653956723338485,1.0200927357032457
16739,0.0,0.3505952456435041,354.3240809874974,124.22433821122048,Medium,86,2,786.43,20.695526315789472,446,10.289473684210526,33,1.7632959641255603,0.13452914798206278
13908,907.9399999999996,0.6733217543996319,643.0251367843634,432.9628132227109,Top,36,3,1461.61,19.231710526315787,186,12.092105263157896,65,7.858118279569892,0.48387096774193544
12632,0.0,0.18481294209533536,420.7271450674247,77.75582149928172,Medium,430,2,804.88,22.99657142857143,474,19.82857142857143,32,1.6980590717299577,0.12658227848101264
17418,296.0699999999999,0.2836972019759749,271.4449547316512,77.00817414786462,Medium,233,2,373.99,15.582916666666668,296,15.458333333333334,24,1.2634797297297298,0.2027027027027027
17629,1015.7400000000001,0.7064191034040558,379.45670799987164,268.0554674459239,High,29,7,1439.78,13.844038461538462,330,9.028846153846153,89,4.362969696969697,0.6363636363636364
13849,944.3699999999997,0.49875337484024196,632.5217099219783,315.47233748330723,High,80,4,2524.93,16.082356687898088,534,7.6369426751592355,139,4.728333333333333,0.2247191011235955
14996,0.0,0.23781015842086312,269.6612193980417,64.12817730501142,Low,390,2,442.28999999999996,10.787560975609756,390,9.853658536585366,37,1.134076923076923,0.15384615384615385
18121,0.0,0.6009193265950826,621.5902859167122,373.5256160311156,Top,58,2,673.1,21.034375,64,14.0625,28,10.5171875,0.9375
14283,0.0,0.28701096541163124,273.2022806431953,78.4120503200629,Medium,372,4,628.4399999999999,15.327804878048779,479,13.414634146341463,36,1.311983298538622,0.25052192066805845
17458,316.5,0.2869595215152506,218.32575255804468,62.650653488513505,Low,291,1,213.08,6.65875,291,3.5,32,0.7322336769759451,0.10309278350515465
13929,0.0,0.7342402554979511,572.2790762762394,420.19033518119744,Top,78,11,3494.1,61.3,604,27.473684210526315,38,5.784933774834437,0.5463576158940397
13682,0.0,0.3157865488977948,131.58674923715037,41.553325422279244,Low,96,1,59.5,19.833333333333332,96,3.3333333333333335,3,0.6197916666666666,0.3125
12383,0.0,0.6599213611987705,648.804729977614,428.1601005590278,Top,94,5,1850.56,18.69252525252525,261,15.474747474747474,84,7.090268199233717,0.574712643678161
16487,0.0,0.13983256017861767,193.4774443797095,27.054446384430882,Low,486,2,209.4,5.982857142857143,568,4.6571428571428575,28,0.3686619718309859,0.1056338028169014
17096,578.1899999999998,0.801212039532494,565.2623696153134,452.89501603045574,Top,52,9,3180.9900000000002,16.567656250000002,464,7.34375,142,6.855581896551724,0.5818965517241379
18244,0.0,0.3006639247705028,376.04334490644476,113.06266796339955,Medium,340,2,568.64,29.928421052631577,412,45.05263157894737,19,1.3801941747572815,0.14563106796116507
15698,0.0,0.14031107943704824,234.37189448340666,32.88497350467276,Low,533,1,46.2,23.1,533,30.0,2,0.08667917448405253,0.056285178236397754
15855,0.0,0.5899945943195714,312.1837975326509,184.18675297841955,High,46,6,1052.72,11.081263157894737,385,7.494736842105263,72,2.7343376623376625,0.4675324675324675
16384,175.4,0.33916382083192503,381.6018762442605,129.4255503836348,Medium,173,3,1183.55,16.438194444444445,499,11.125,71,2.3718436873747493,0.18036072144288579
13164,0.0,0.14888037276986052,249.32945009311533,37.120261472367346,Low,478,2,372.2,37.22,577,12.0,7,0.6450606585788561,0.10398613518197573
17988,55.11999999999999,0.5737252128895098,153.57571341920084,88.11025887608935,Medium,26,12,434.42,3.913693693693694,641,1.5315315315315314,103,0.6777223088923557,0.5616224648985959
18085,0.0,0.3511606609748363,492.52596134788246,172.95574213418908,High,239,4,1645.75,23.179577464788732,538,8.23943661971831,42,3.059014869888476,0.22304832713754646
16651,0.0,0.13743348930177485,310.82346977149695,42.71755400758156,Low,496,1,136.2,22.7,496,10.0,6,0.2745967741935484,0.06048387096774193
17223,0.0,0.4639949177785982,333.779144801206,154.8718268482464,High,219,3,873.53,8.648811881188118,284,2.198019801980198,62,3.0758098591549294,0.31690140845070425
14460,0.0,0.5961259226396969,294.753543957699,175.71022834310375,High,19,9,1093.5,26.035714285714285,633,44.73809523809524,33,1.7274881516587677,0.42654028436018954
13636,302.57,0.6301119868449739,269.67646668063503,169.92637422546736,High,31,4,646.55,15.76951219512195,194,8.268292682926829,36,3.3327319587628863,0.6185567010309279
13405,15.000999999999998,0.42212391997693655,357.04552329635607,150.71745590407443,High,113,5,1198.81,29.239268292682926,633,20.804878048780488,32,1.8938546603475512,0.23696682464454974
15897,0.0,0.42032499781404975,204.90317549299294,86.12592679118411,Medium,103,2,222.05,9.252083333333333,103,10.875,17,2.1558252427184468,0.5825242718446603
15229,0.0,0.13456861775482515,276.71830956556255,37.237600425689564,Low,495,1,160.5,17.833333333333332,495,12.666666666666666,9,0.3242424242424242,0.06060606060606061
13692,616.7400000000001,0.6102987058096851,717.812613080988,438.0801087771952,Top,123,4,2497.66,33.30213333333333,329,21.466666666666665,69,7.591671732522796,0.364741641337386
13043,0.0,0.3085953511651624,380.2872035100393,117.35486311079816,Medium,182,1,516.42,39.72461538461538,182,19.53846153846154,13,2.8374725274725274,0.16483516483516483
17592,0.0,0.14522837116407974,251.4519098856278,36.517951298786684,Low,648,1,148.3,11.407692307692308,648,2.923076923076923,13,0.22885802469135805,0.046296296296296294
16857,0.0,0.3478432649319084,462.3789426524788,160.8354010480019,High,352,1,352.8,32.07272727272727,352,15.272727272727273,11,1.0022727272727272,0.08522727272727273
17913,193.55,0.5109388976064799,470.0143682217934,240.14862315844925,High,265,13,3286.09,7.335022321428572,645,3.4732142857142856,213,5.094713178294574,0.6046511627906976
12622,0.0,0.22751887220126388,226.49551941028434,51.53200513486737,Low,141,1,180.1,16.37272727272727,141,6.2727272727272725,11,1.277304964539007,0.2127659574468085
14969,0.0,0.20435741449185518,522.6433931246668,106.80605252020715,Medium,613,1,906.23,69.71000000000001,613,51.15384615384615,13,1.478352365415987,0.048939641109298535
14510,0.0,0.37671615159254995,418.0558227230187,157.4883806870729,High,285,3,1007.28,12.913846153846153,345,10.525641025641026,67,2.919652173913043,0.2608695652173913
12639,0.0,0.31645773171815506,437.00705465599054,138.29426126126657,High,148,3,1312.37,20.50578125,537,9.859375,58,2.4438919925512104,0.1675977653631285
16284,823.9699999999998,0.2869595215152506,253.8243278018342,72.83730765494447,Medium,302,1,205.8,6.86,302,4.633333333333334,30,0.6814569536423841,0.09933774834437087
13207,52.739999999999995,0.31875038292399316,220.05011075149343,70.14105706450563,Medium,60,3,483.12000000000006,48.312000000000005,521,12.0,8,0.9272936660268715,0.1727447216890595
16823,0.0,0.5664805319688506,459.7614438509566,260.44590729145676,High,136,7,2260.09,12.914800000000001,647,6.674285714285714,149,3.4931839258114374,0.32457496136012365
13420,0.0,0.48959122366234903,195.974223958193,95.94726011397094,Medium,59,2,159.85,19.98125,80,12.625,8,1.998125,0.75
15841,610.7999999999998,0.541184009623947,425.0805558288371,230.0467996166261,High,127,7,2131.61,30.892898550724638,639,26.304347826086957,47,3.33585289514867,0.32863849765258213
15590,0.0,0.45494864184954975,494.0441801598896,224.76472877741605,High,291,5,1496.6,17.20229885057471,516,9.563218390804598,75,2.9003875968992245,0.29069767441860467
17881,0.0,0.23029075458670567,182.16647683432316,41.95125541057792,Low,213,1,133.35000000000002,16.668750000000003,213,4.0,8,0.6260563380281691,0.14084507042253522
15561,350.91999999999996,0.5830290506597097,384.4481069175116,224.14441480403934,High,59,7,1583.47,19.549012345679014,573,14.345679012345679,55,2.76347294938918,0.36649214659685864
14079,0.0,0.3464531284764355,316.2022523439467,109.54925955585566,Medium,34,2,618.73,47.59461538461539,591,23.23076923076923,13,1.0469204737732656,0.10152284263959391
16061,0.0,0.2043510282952108,225.5021960991231,46.08160565568408,Low,340,1,89.65,29.883333333333336,340,6.333333333333333,3,0.2636764705882353,0.08823529411764705
14108,306.5800000000001,0.3619306771517912,278.4705652379248,100.78704024340418,Medium,11,3,738.38,21.717058823529413,647,14.352941176470589,32,1.1412364760432767,0.1391035548686244
14920,0.0,0.41458369767825637,496.53920313018705,205.8570588759278,High,122,3,1607.17,16.568762886597938,474,9.1340206185567,90,3.3906540084388186,0.18987341772151897
14097,0.0,0.14847817061372703,245.30784969083703,36.42286075928261,Low,390,2,422.85999999999996,10.571499999999999,555,8.8,39,0.7619099099099098,0.10810810810810811
17090,1232.1799999999998,0.6943598873112634,417.43745703824874,289.85182562857875,High,7,10,1917.3,40.793617021276596,417,17.06382978723404,23,4.597841726618705,0.7194244604316546
15673,776.6300000000001,0.7362637641909257,1056.9388505701668,778.1857766404213,Top,66,8,5638.16,23.01289795918367,564,11.881632653061224,153,9.996737588652483,0.425531914893617
16110,643.5499999999998,0.4664962335736425,356.7828130714355,166.4378385016336,High,171,3,1175.72,3.985491525423729,431,1.769491525423729,235,2.7278886310904875,0.2088167053364269
17710,0.0,0.26897511407206515,249.8484731796195,67.20302157421946,Low,333,1,293.5,14.675,333,7.9,20,0.8813813813813813,0.0900900900900901
13036,0.0,0.13545448268960594,331.16470524730454,44.85774383432947,Low,594,1,307.1,51.18333333333334,594,6.333333333333333,6,0.517003367003367,0.050505050505050504
16563,1077.74,0.43452371058656736,810.4791543006419,352.17240947977797,Top,309,5,3345.02,47.11295774647887,647,29.718309859154928,46,5.170046367851623,0.23183925811437403
12653,0.0,0.45111227508336416,891.5951154205136,402.20950097056254,Top,58,3,4160.83,48.38174418604651,436,19.546511627906977,76,9.543188073394495,0.20642201834862386
15607,0.0,0.5805126576118005,350.290879456619,203.34828937053675,High,246,9,1708.97,15.67862385321101,610,13.486238532110091,95,2.801590163934426,0.4426229508196722
16303,1324.2999999999997,0.6763841282937731,1320.1176208641334,892.9066062334366,Top,25,6,6603.97,26.102648221343873,540,12.74703557312253,149,12.229574074074074,0.3333333333333333
13329,484.80000000000007,0.5947816508343474,946.1987847129418,562.7816751890168,Top,276,7,4628.17,40.244956521739134,644,27.808695652173913,60,7.186599378881987,0.32608695652173914
14711,804.3799999999999,0.7606698676120967,785.8300213504922,597.7572183062899,Top,18,8,2064.42,9.1752,171,3.1555555555555554,146,12.07263157894737,1.4035087719298245
15481,0.0,0.3370629231622533,1000.264214935288,337.1519802206846,Top,310,1,1993.34,52.456315789473685,310,38.1578947368421,38,6.430129032258065,0.0967741935483871
17337,0.0,0.698026322247646,633.2888518889046,442.05228820444626,Top,60,4,2027.8700000000001,3.7345672191528547,219,2.3370165745856353,421,9.259680365296804,0.547945205479452
18024,0.0,0.6154813644710547,448.7422434486068,276.19248829355075,High,62,2,389.78,18.56095238095238,62,8.761904761904763,21,6.2867741935483865,0.9677419354838709
15987,244.85999999999996,0.7591204363105043,433.4339443411512,329.02856494003754,High,30,7,1437.27,10.121619718309859,288,10.795774647887324,98,4.990520833333333,0.7291666666666667
14341,1042.76,0.8273473815949772,619.9590976985704,512.9215361768969,Top,39,16,3424.56,16.86975369458128,648,10.467980295566502,137,5.284814814814815,0.7407407407407407
16410,0.0,0.1518013608104784,320.2801152482817,48.618957335226014,Low,643,1,130.32,26.064,643,69.6,5,0.20267496111975117,0.04665629860031104
17460,0.0,0.8213168536501944,356.1228491957536,292.489698014399,High,3,16,2228.27,16.030719424460433,595,7.0503597122302155,93,3.7449915966386556,0.8067226890756303
15693,0.0,0.1331668356021618,234.37189448340666,31.21056354243903,Low,568,1,37.5,37.5,568,30.0,1,0.06602112676056338,0.0528169014084507
17570,0.0,0.214120641793762,176.63948276532568,37.822159415829695,Low,291,1,100.0,100.0,291,1.0,1,0.3436426116838488,0.10309278350515465
15600,0.0,0.314032705335226,356.4781489156489,111.94579749687477,Medium,337,4,1199.31,16.89169014084507,503,9.253521126760564,55,2.384314115308151,0.2385685884691849
16715,301.7199999999999,0.16230623705604513,453.74369490254827,73.64543170753882,Medium,472,1,323.8,35.97777777777778,472,59.111111111111114,9,0.6860169491525424,0.0635593220338983
14483,0.0,0.2624017777418604,215.87338836021732,56.64556087288006,Low,191,2,257.1,19.77692307692308,646,14.846153846153847,13,0.39798761609907124,0.09287925696594426
16650,518.42,0.2959313433450769,449.1529585580198,132.91843839349048,High,329,6,1397.69,18.887702702702704,428,15.391891891891891,53,3.2656308411214954,0.4205607476635514
14451,302.58999999999986,0.7774280952580211,432.6497547598802,336.3540747568236,Top,104,11,3006.18,6.464903225806451,601,3.3806451612903228,218,5.001963394342762,0.5490848585690515
14149,0.0,0.2953584605591947,376.9769768588693,111.34333955129479,Medium,130,1,446.62,15.950714285714286,130,7.785714285714286,28,3.4355384615384614,0.23076923076923078
16799,0.0,0.3538707206682492,324.32282251906423,114.76835093398194,Medium,341,2,495.98,4.679056603773585,363,1.6603773584905661,81,1.36633608815427,0.1652892561983471
13615,0.0,0.5321238103400113,1193.4213483759402,635.0479152389194,Top,228,8,6272.53,17.091362397820163,589,7.929155313351498,259,10.649456706281834,0.4074702886247878
15887,0.0,0.320227827432376,397.52909927176376,127.29987980094623,Medium,316,3,1027.15,27.760810810810813,465,16.35135135135135,27,2.2089247311827958,0.1935483870967742
15305,0.0,0.13743348930177485,211.15776762629557,29.02014879805515,Low,464,1,93.6,18.72,464,8.0,5,0.20172413793103447,0.06465517241379311
16984,1255.2200000000005,0.7775515834966892,1572.782748385302,1222.9197165032665,Top,39,8,9499.58,9.471166500498505,551,4.52542372881356,588,17.240617059891107,0.4355716878402904
15694,3173.6200000000013,0.7911469959405145,1247.382804949723,986.8631589238262,Top,85,19,7637.19,65.2751282051282,641,14.7008547008547,46,11.914492979719189,0.8892355694227769
13964,0.0,0.2895155829155508,322.2916638686983,93.30845893376896,Medium,296,2,438.9,18.287499999999998,340,9.5,22,1.2908823529411764,0.1764705882352941
13023,353.49999999999994,0.335244245861871,390.2711423580265,130.8361548014675,Medium,39,2,1095.53,19.563035714285714,438,8.178571428571429,54,2.5012100456621003,0.136986301369863
14388,1377.7299999999998,0.8173214392494982,880.340613510282,719.5212572640099,Top,31,13,5323.27,15.796053412462909,598,10.676557863501484,148,8.901789297658864,0.6521739130434783
16012,283.17000000000013,0.6492772247051165,727.1705802107156,472.1352962064227,Top,38,4,2706.62,13.60110552763819,439,7.628140703517588,176,6.165421412300683,0.2733485193621868
12624,0.0,0.6063011619397631,459.7380138623034,278.73969199259346,High,15,2,641.13,16.87184210526316,87,9.342105263157896,36,7.3693103448275865,0.6896551724137931
16868,0.0,0.2729223896759762,242.60436044194344,66.21216179762708,Low,303,3,393.39,7.285,503,2.1481481481481484,47,0.7820874751491054,0.17892644135188868
18250,0.0,0.26421098840187546,343.8804153869854,90.85698444144292,Medium,219,1,349.27,16.63190476190476,219,9.476190476190476,21,1.5948401826484018,0.136986301369863
13474,0.0,0.4073962755113392,322.8423952636064,131.52478940755287,Medium,145,3,663.79,5.106076923076923,404,2.5692307692307694,116,1.6430445544554455,0.22277227722772278
15602,754.9199999999996,0.7245091633034532,370.33183299748254,268.3088064696402,High,110,12,2475.59,25.0059595959596,647,15.727272727272727,53,3.826259659969088,0.5564142194744977
13481,443.2299999999999,0.8105236235982464,646.6788260189373,524.148465369129,Top,17,10,3387.61,17.195989847715737,645,9.00507614213198,142,5.252108527131783,0.46511627906976744
13453,0.0,0.5083121352619531,326.02201786168155,165.72094804168194,High,75,3,781.6899999999999,19.54225,311,8.525,33,2.513472668810289,0.28938906752411575
16626,2247.7599999999993,0.7834194819212948,752.320939043542,589.3828803040337,Top,22,7,2165.34,21.228823529411766,176,10.862745098039216,74,12.303068181818183,1.1931818181818183
16279,1150.5,0.7056295607052692,926.0450519858849,653.4447632260881,Top,86,7,4554.58,17.65341085271318,505,10.825581395348838,175,9.018970297029703,0.4158415841584159
14710,606.1300000000002,0.5481759443047725,330.39670275960293,181.11552453042856,High,288,9,1316.46,4.344752475247525,645,2.551155115511551,203,2.0410232558139536,0.4186046511627907
18028,0.0,0.14371300042082746,345.55193713830613,49.660305687375136,Low,492,1,192.05,48.0125,492,33.25,4,0.3903455284552846,0.06097560975609757
16966,668.4100000000001,0.590196466468155,612.0037509102123,361.2024512524642,Top,79,4,1486.56,67.57090909090908,149,60.0,8,9.976912751677853,0.8053691275167785
14754,409.7800000000001,0.35946533607441655,347.1603932500501,124.79212743135588,Medium,205,5,1140.7,10.276576576576577,600,6.288288288288288,90,1.9011666666666667,0.25
14648,0.0,0.24533895913595286,722.1686125037036,177.1760957123139,High,325,15,4546.86,9.9930989010989,638,7.30989010989011,286,7.126739811912225,0.7053291536050157
12957,2302.25,0.7571387523035121,998.770209602517,756.207630336367,Top,95,9,6404.72,17.79088888888889,638,9.402777777777779,296,10.038746081504703,0.42319749216300945
17296,0.0,0.1444998285196008,303.7495979100484,43.89176481089969,Low,639,1,338.13,10.246363636363636,639,6.545454545454546,32,0.5291549295774648,0.046948356807511735
16990,0.0,0.24394365475490207,261.9798989378716,63.908334019224284,Low,128,2,344.0,172.0,332,100.0,1,1.036144578313253,0.18072289156626506
13644,1773.17,0.6976168557231409,658.754069148848,459.55794241444386,Top,15,1,851.09,17.731041666666666,15,13.729166666666666,48,56.739333333333335,2.0
12855,0.0,0.37209303742055344,307.60091202354175,114.45615766817208,Medium,282,4,650.9399999999999,9.299142857142856,311,3.857142857142857,65,2.093054662379421,0.3858520900321543
15625,0.0,0.81890619599394,647.3959332154919,530.1565409714453,Top,13,9,3236.4,18.926315789473684,451,17.660818713450293,106,7.176053215077606,0.5986696230598669
15703,0.0,0.2716196081902673,251.80529903521594,68.39525666417845,Low,174,1,211.5,42.3,174,13.2,5,1.2155172413793103,0.1724137931034483
14614,0.0,0.26897511407206515,269.1959801956848,72.4070194808757,Medium,295,1,295.13,15.533157894736842,295,9.947368421052632,19,1.0004406779661017,0.10169491525423728
18194,973.8399999999997,0.36255453551433775,1076.3140243576954,390.2225311685719,Top,347,5,3188.2000000000003,151.81904761904764,589,54.38095238095238,16,5.412903225806452,0.2546689303904924
15928,0.0,0.13262452160339566,356.11410762630595,47.22946316015898,Low,565,1,293.53,26.684545454545454,565,14.909090909090908,11,0.5195221238938053,0.05309734513274337
16748,605.7,0.6225902038483297,432.5227154512874,269.28440558185014,High,127,12,3031.63,23.32023076923077,639,13.376923076923077,48,4.74433489827856,0.5633802816901409
15408,0.0,0.2825660627430146,271.62991132471075,76.75339456625771,Medium,173,1,267.18,7.858235294117647,173,3.1176470588235294,34,1.544393063583815,0.17341040462427745
15163,149.47000000000003,0.30414234620713076,208.43259476156797,63.393178396823394,Low,101,1,155.0,15.5,101,4.8,10,1.5346534653465347,0.297029702970297
14505,1650.0000000000007,0.8164605356794356,1587.377497307121,1296.0310817768539,Top,18,17,10351.84,7.765821455363841,639,3.4186046511627906,777,16.200062597809076,0.7981220657276995
17877,0.0,0.39734184590585975,282.092084782749,112.08698968300978,Medium,79,1,237.61,19.800833333333333,79,8.166666666666666,12,3.007721518987342,0.379746835443038
14116,753.8700000000001,0.6640785335873152,678.4203403700741,450.52438478876604,Top,2,2,628.87,19.05666666666667,31,11.515151515151516,29,20.286129032258064,1.9354838709677418
15958,104.34999999999995,0.2799183839234174,235.66089215481043,65.96581608592528,Low,313,3,388.64,5.800597014925373,460,1.955223880597015,45,0.8448695652173913,0.19565217391304346
13346,0.0,0.16605927284423083,172.51201096873527,28.64721909836415,Low,372,6,299.4,49.9,506,30.0,4,0.5916996047430829,0.3557312252964427
15062,173.82,0.5448082181417537,524.9251171222886,285.98351771724543,High,127,7,2411.8,16.406802721088436,519,11.224489795918368,95,4.647013487475916,0.40462427745664736
13493,0.0,0.35821034792650824,420.5826040833299,150.65704094052646,High,184,2,618.63,77.32875,196,47.5,6,3.1562755102040816,0.30612244897959184
12620,777.7499999999999,0.42600646193588293,498.0639199080123,212.17844833792927,High,114,1,561.66,17.02,114,13.151515151515152,33,4.926842105263158,0.2631578947368421
